<?xml version='1.0'?>
<home version='7400' exportFlags='17' name='建模配置.sh3d' camera='topCamera' wallHeight='250.0'>
  <environment groundColor='00A8A8A8' skyColor='00CCE4FC' lightColor='00D0D0D0'/>
  <observerCamera attribute='observerCamera' lens='PINHOLE' x='1130.2539' y='755.6939' z='170.0' yaw='3.0430694' pitch='1.3359957' fieldOfView='1.0995575' time='1753272000000'/>
  <camera attribute='topCamera' lens='PINHOLE' x='663.6508' y='718.6296' z='1628.1995' yaw='-65.34489' pitch='1.3857965' fieldOfView='1.0995575' time='1753272000000'/>
  <doorOrWindow catalogId='eTeks#sliderWindow126x200' name='平移窗' creator='eTeks' model='2' x='1125.0425' y='267.1548' elevation='11.0' width='107.0' depth='12.0' height='210.0' modelSize='7950' movable='false' cutOutShape='M0,0 v1 h1 v-1 z' wallCutOutOnBothSides='true'/>
  <pieceOfFurniture catalogId='Blend Swap CC-0#showerStall' name='淋浴間' creator='Asterlil' model='4/showerStall.obj' x='1126.9536' y='705.7359' angle='1.5707964' width='93.1' depth='111.9' height='200.0' modelMirrored='true' modelSize='513396'>
    <material name='Glass' color='FFFFFFFF'/>
    <material name='chrome_shiny' color='FFEEEEEE'/>
  </pieceOfFurniture>
  <pieceOfFurniture catalogId='Blend Swap CC-BY#modernToilet' name='馬桶' creator='Starapple' model='6/modernToilet.obj' x='1140.4036' y='628.62305' angle='1.5707964' width='44.8' depth='85.0' height='76.5' modelSize='416506' movable='false'/>
  <pieceOfFurniture catalogId='LucaPresidente#mobilettoLavaboWenge' name='棕色洗臉台' creator='LucaPresidente' model='8/mobilettoLavaboWenge.obj' x='1019.7279' y='731.03595' angle='3.1415927' width='81.0' depth='42.5' height='101.3' modelMirrored='true' modelSize='352939'>
    <material name='Rectangle10_4'>
      <texture name='漂白木' creator='Emmanuel Puybaret' width='40.0' height='80.0' image='9'/>
    </material>
  </pieceOfFurniture>
  <pieceOfFurniture catalogId='OlaKristianHoff#bathroom_cupboard_mirror' name='鏡' creator='Ola-Kristian Hoff' model='11/bathroom_cupboard_mirror.obj' x='1019.85596' y='751.78595' elevation='120.0' angle='3.1415927' width='71.0' depth='1.0' height='75.0' modelSize='61860'/>
  <doorOrWindow catalogId='Scopia#door' name='門' creator='Scopia' model='13/door.obj' x='974.28107' y='641.3082' angle='4.712389' width='96.0' depth='32.66742' height='210.0' modelSize='146649' movable='false' cutOutShape='M0,0 v1 h1 v-1 z' wallCutOutOnBothSides='true'/>
  <pieceOfFurniture catalogId='Blend Swap CC-BY#kitchenUpperCabinet' name='上櫃' creator='Jay-Artist' model='15/kitchenUpperCabinet.obj' x='1174.9036' y='628.74396' elevation='140.0' angle='1.5707964' width='50.0' depth='16.0' height='50.0' modelSize='56106'/>
  <pieceOfFurniture catalogId='NMi#stainlessSteelShelf' name='不鏽鋼毛巾架' creator='N Mi' model='17/stainlessSteelShelf.obj' x='1105.0657' y='743.28595' elevation='160.0' angle='3.1415927' width='48.0' depth='18.0' height='10.0' modelSize='104200'/>
  <pieceOfFurniture catalogId='Pencilart#refridgerator' name='電冰箱' creator='Pencilart' model='19/refridgerator.obj' x='1113.9036' y='552.75604' angle='3.1415927' width='56.0' depth='64.0' height='167.0' modelMirrored='true' modelSize='17437'>
    <material name='offwhite' color='FF8F8F8F'/>
  </pieceOfFurniture>
  <doorOrWindow catalogId='Scopia#door' name='門' creator='Scopia' model='13/door.obj' x='785.1503' y='536.5286' angle='1.5707964' width='75.0' depth='32.66742' height='210.0' modelSize='146649' movable='false' cutOutShape='M0,0 v1 h1 v-1 z' wallCutOutOnBothSides='true'/>
  <doorOrWindow catalogId='Scopia#door' name='門' creator='Scopia' model='13/door.obj' x='908.23883' y='495.4602' angle='3.1415927' width='75.0' depth='23.334084' height='210.0' modelSize='146649' movable='false' cutOutShape='M0,0 v1 h1 v-1 z' wallCutOutOnBothSides='true'/>
  <pieceOfFurniture catalogId='Pastierovic#cabinet' name='廚房流理臺 下櫃' creator='Robert Pastierovic' model='21' x='1162.9036' y='340.59845' angle='1.5707964' width='80.0' depth='40.0' height='86.0' modelSize='6487'>
    <material name='grey' color='FFFFFFFF'/>
    <material name='white'>
      <texture name='灰地磚' creator='eTeks' catalogId='eTeks#greyTile' width='31.5' height='31.5' image='22'/>
    </material>
  </pieceOfFurniture>
  <pieceOfFurniture catalogId='Scopia#induction-cooker-2-zones' name='雙口電磁爐' creator='Scopia' model='24/induction-cooker-2-zones.obj' x='1167.9036' y='330.77173' elevation='86.0' angle='3.1415927' width='30.0' depth='52.0' height='0.4' modelSize='19880'/>
  <pieceOfFurniture catalogId='Blend Swap CC-0#sinkCabinet2' name='水槽' creator='Vladoffsky' model='26/sinkCabinet2.obj' x='1162.9036' y='410.59845' angle='1.5707964' width='60.0' depth='40.0' height='121.200005' modelSize='343504'>
    <material name='cabinetBaseboard' color='FFFFFFFF'/>
    <material name='cabinetBody' color='FFFFFFFF'/>
    <material name='cabinetDoorBorder' color='FFFFFFFF'/>
    <material name='counter'>
      <texture name='灰地磚' creator='eTeks' catalogId='eTeks#greyTile' width='31.5' height='31.5' image='22'/>
    </material>
    <material name='counterBorder'>
      <texture name='灰地磚' creator='eTeks' catalogId='eTeks#greyTile' width='31.5' height='31.5' image='22'/>
    </material>
  </pieceOfFurniture>
  <pieceOfFurniture catalogId='Infernal-quack#meubleMicroOnde' name='微波爐櫥櫃' creator='Infernal-quack' model='28' x='1032.2035' y='466.3' angle='4.712389' width='62.600002' depth='44.0' height='130.0' modelSize='58028'/>
  <pieceOfFurniture catalogId='Blend Swap CC-BY#kitchenLowerCabinet' name='矮櫃' creator='Jay-Artist' model='30/kitchenLowerCabinet.obj' x='1032.2035' y='324.2165' angle='4.712389' width='97.6' depth='44.0' height='87.8' modelSize='89976'>
    <material name='Cupboard-units' shininess='0.5'/>
    <material name='Metal-Handles' color='FFF6F6F6'/>
    <material name='Worktops-main' shininess='0.0703125'>
      <texture name='灰地磚' creator='eTeks' catalogId='eTeks#greyTile' width='31.5' height='31.5' image='22'/>
    </material>
  </pieceOfFurniture>
  <pieceOfFurniture catalogId='Blend Swap CC-BY#kitchenLowerCabinet' name='矮櫃' creator='Jay-Artist' model='30/kitchenLowerCabinet.obj' x='1162.9036' y='480.59845' angle='1.5707964' width='80.0' depth='40.0' height='87.8' modelSize='89976'>
    <material name='Cupboard-units' shininess='0.5'/>
    <material name='Metal-Handles' color='FFF6F6F6'/>
    <material name='Worktops-main' shininess='0.0703125'>
      <texture name='灰地磚' creator='eTeks' catalogId='eTeks#greyTile' width='31.5' height='31.5' image='22'/>
    </material>
  </pieceOfFurniture>
  <pieceOfFurniture catalogId='Pastierovic#drawers' name='廚房流理臺下櫃 抽屜' creator='Robert Pastierovic' model='32' x='1032.2035' y='403.01648' angle='4.712389' width='60.0' depth='44.0' height='86.0' modelSize='7652'>
    <material name='grey' color='FFD7D7D7'/>
    <material name='white'>
      <texture name='灰地磚' creator='eTeks' catalogId='eTeks#greyTile' width='31.5' height='31.5' image='22'/>
    </material>
  </pieceOfFurniture>
  <pieceOfFurniture catalogId='Omari#oven' name='烤箱' creator='Ben Omari' model='34/oven_Scene.obj' x='1034.6454' y='466.22125' elevation='86.0' angle='4.712389' width='50.0' depth='38.0' height='35.0' modelMirrored='true' modelSize='6704'/>
  <pieceOfFurniture catalogId='Omari#pensile_cucina_45x90' name='烘碗機' creator='Ben Omari' model='36/pensile_cucina_45x90_Scene.obj' x='1163.9036' y='426.9018' elevation='165.0' angle='1.5707964' width='90.0' depth='38.0' height='42.7' modelSize='19554'/>
  <pieceOfFurniture catalogId='Blend Swap CC-BY#kitchenblender' name='果汁機' creator='PrinterKiller' model='38/kitchenblender.obj' x='1033.0863' y='296.9913' elevation='83.0' angle='4.712389' width='15.6' depth='22.300001' height='42.7' modelSize='2543472'/>
  <pieceOfFurniture catalogId='Scopia#kitchenHood' name='吸煙機' creator='Scopia' model='40/kitchenHood.obj' x='1160.4036' y='332.067' elevation='140.0' angle='1.5707964' width='59.8' depth='45.0' height='14.3' modelSize='44376'/>
  <pieceOfFurniture catalogId='Blend Swap CC-BY#kitchenUpperCabinet' name='上櫃' creator='Jay-Artist' model='15/kitchenUpperCabinet.obj' x='1166.8535' y='341.9018' elevation='155.0' angle='1.5707964' width='80.0' depth='32.100002' height='78.0' modelSize='56106'/>
  <pieceOfFurniture catalogId='Blend Swap CC-BY#kitchenUpperCabinet' name='上櫃' creator='Jay-Artist' model='15/kitchenUpperCabinet.obj' x='1166.8535' y='426.9018' elevation='202.0' angle='1.5707964' width='90.0' depth='32.100002' height='30.0' modelSize='56106'/>
  <pieceOfFurniture catalogId='eTeks#kitchenUpperCabinet' name='上櫃' creator='eTeks' model='42' x='1166.9036' y='496.9018' elevation='165.0' angle='1.5707964' width='50.0' depth='32.0' height='67.0' modelSize='11850'/>
  <pieceOfFurniture catalogId='eTeks#bed90x190' name='床 90x190' creator='eTeks' model='44' x='905.2035' y='191.41644' angle='1.5707964' width='108.0' depth='190.0' height='70.0' modelSize='11692'>
    <material name='bone2' color='FFFDF4E3'/>
    <material name='flyellow' color='FF212121'/>
  </pieceOfFurniture>
  <pieceOfFurniture catalogId='eTeks#wardrobe' name='衣櫥' creator='eTeks' model='46' x='975.2035' y='438.9937' angle='1.5707964' width='100.0' depth='50.0' height='165.0' modelSize='23218'/>
  <pieceOfFurniture catalogId='LucaPresidente#mensolaAcero' name='原木色層板' creator='LucaPresidente' model='48/mensolaAcero.obj' x='803.7035' y='192.71881' angle='4.712389' width='111.0' depth='19.0' height='70.0' modelRotation='0 0 1 0 1 0 -1 0 0' modelSize='25140'>
    <material name='Box46_1' color='FF212121'/>
  </pieceOfFurniture>
  <pieceOfFurniture catalogId='Scopia#table4' name='桌子' creator='Scopia' model='50/table4.obj' x='831.7035' y='315.41644' angle='4.712389' width='140.0' depth='75.0' height='75.0' modelRotation='0 0 1 0 1 0 -1 0 0' modelSize='47953'/>
  <pieceOfFurniture catalogId='Blend Swap CC-BY#armChair2' name='扶手椅' creator='TreyClaine' model='52/armChair2.obj' x='891.7035' y='316.54782' angle='1.5707964' width='53.0' widthInPlan='53.000008' depth='45.0' height='88.5' modelMirrored='true' modelSize='196958'/>
  <wall id='wall-453ccd2f-1ffa-461f-aaeb-62f89ba3b3b4' wallAtStart='wall-4b963a6c-8952-4e6f-b2c7-54db2468082c' wallAtEnd='wall-e22692a3-fa00-459d-948a-b1cd093b5891' xStart='1189.9036' yStart='918.22406' xEnd='497.90356' yEnd='918.22406' height='250.0' thickness='14.0' pattern='hatchUp'/>
  <wall id='wall-e22692a3-fa00-459d-948a-b1cd093b5891' wallAtStart='wall-453ccd2f-1ffa-461f-aaeb-62f89ba3b3b4' wallAtEnd='wall-ad2acab4-7a7f-453e-90a4-ce278c229700' xStart='497.90356' yStart='918.22406' xEnd='497.90356' yEnd='862.22406' height='250.0' thickness='14.0' pattern='hatchUp'/>
  <wall id='wall-ad2acab4-7a7f-453e-90a4-ce278c229700' wallAtStart='wall-e22692a3-fa00-459d-948a-b1cd093b5891' wallAtEnd='wall-2f91a1ff-3ad1-4519-a02b-926b41f5a087' xStart='497.90356' yStart='862.22406' xEnd='468.20508' yEnd='832.5256' height='250.0' thickness='14.0' pattern='hatchUp'/>
  <wall id='wall-2f91a1ff-3ad1-4519-a02b-926b41f5a087' wallAtStart='wall-ad2acab4-7a7f-453e-90a4-ce278c229700' wallAtEnd='wall-858ee494-238b-402b-9f54-0701fabd9a47' xStart='468.20508' yStart='832.5256' xEnd='468.20508' yEnd='688.5256' height='250.0' thickness='14.0' pattern='hatchUp'/>
  <wall id='wall-858ee494-238b-402b-9f54-0701fabd9a47' wallAtStart='wall-2f91a1ff-3ad1-4519-a02b-926b41f5a087' wallAtEnd='wall-8dbf979d-6f8b-4e93-b60b-a366ed088373' xStart='468.20508' yStart='688.5256' xEnd='504.97464' yEnd='651.75604' height='250.0' thickness='14.0' pattern='hatchUp'/>
  <wall id='wall-8dbf979d-6f8b-4e93-b60b-a366ed088373' wallAtStart='wall-858ee494-238b-402b-9f54-0701fabd9a47' wallAtEnd='wall-8ffdea70-edf1-4585-94a9-9c3f2fc65c84' xStart='504.97464' yStart='651.75604' xEnd='504.97464' yEnd='591.75604' height='250.0' thickness='14.0' pattern='hatchUp'/>
  <wall id='wall-8ffdea70-edf1-4585-94a9-9c3f2fc65c84' wallAtStart='wall-8dbf979d-6f8b-4e93-b60b-a366ed088373' xStart='504.97464' yStart='591.75604' xEnd='504.9746' yEnd='121.22406' height='250.0' thickness='14.0' pattern='hatchUp'/>
  <wall id='wall-adad1507-439b-4410-8d0d-88890e86614b' wallAtEnd='wall-752a9fc0-aa0c-4faf-bed1-84883843e734' xStart='504.97464' yStart='121.22406' xEnd='562.2503' yEnd='63.94841' height='250.0' thickness='14.0' pattern='hatchUp'/>
  <wall id='wall-752a9fc0-aa0c-4faf-bed1-84883843e734' wallAtStart='wall-adad1507-439b-4410-8d0d-88890e86614b' wallAtEnd='wall-f216ba01-5234-460b-91b3-ce798010dd0c' xStart='562.2503' yStart='63.94841' xEnd='712.2503' yEnd='63.94841' height='250.0' thickness='14.0' pattern='hatchUp'/>
  <wall id='wall-f216ba01-5234-460b-91b3-ce798010dd0c' wallAtStart='wall-752a9fc0-aa0c-4faf-bed1-84883843e734' wallAtEnd='wall-18245be4-f265-4eae-851a-b12c31eb4402' xStart='712.2503' yStart='63.94841' xEnd='778.7183' yEnd='130.41644' height='250.0' thickness='14.0' pattern='hatchUp'/>
  <wall id='wall-18245be4-f265-4eae-851a-b12c31eb4402' wallAtStart='wall-f216ba01-5234-460b-91b3-ce798010dd0c' xStart='778.7183' yStart='130.41644' xEnd='1189.9036' yEnd='130.41644' height='250.0' thickness='14.0' pattern='hatchUp'/>
  <wall id='wall-ab30b414-b721-4408-8198-bb5c41632ccb' wallAtEnd='wall-cc8fae20-57a2-4766-b1ca-a40432cee878' xStart='504.97464' yStart='130.41644' xEnd='592.9746' yEnd='130.41644' height='250.0' thickness='14.0' pattern='hatchUp'/>
  <wall id='wall-cc8fae20-57a2-4766-b1ca-a40432cee878' wallAtStart='wall-ab30b414-b721-4408-8198-bb5c41632ccb' xStart='592.9746' yStart='130.41644' xEnd='592.9746' yEnd='220.41644' height='250.0' thickness='14.0' pattern='hatchUp'/>
  <wall id='wall-1913bab5-5f38-4129-88f3-bdad68bb6149' wallAtEnd='wall-8ad9298a-15e8-4f11-a805-aa6bdeeb74fd' xStart='592.9746' yStart='212.37576' xEnd='504.97464' yEnd='212.37575' height='250.0' thickness='14.0' pattern='hatchUp'/>
  <wall id='wall-8ad9298a-15e8-4f11-a805-aa6bdeeb74fd' wallAtStart='wall-1913bab5-5f38-4129-88f3-bdad68bb6149' wallAtEnd='wall-e3cb8c69-3e0b-4f06-a402-582f2cccba64' xStart='504.97464' yStart='212.37575' xEnd='504.97464' yEnd='141.37575' height='250.0' thickness='14.0' pattern='hatchUp'/>
  <wall id='wall-e3cb8c69-3e0b-4f06-a402-582f2cccba64' wallAtStart='wall-8ad9298a-15e8-4f11-a805-aa6bdeeb74fd' wallAtEnd='wall-7938521b-856e-4d0e-ad10-d03ecca3ea2a' xStart='504.97464' yStart='141.37575' xEnd='584.9746' yEnd='141.37575' height='250.0' thickness='14.0' pattern='hatchUp'/>
  <wall id='wall-7938521b-856e-4d0e-ad10-d03ecca3ea2a' wallAtStart='wall-e3cb8c69-3e0b-4f06-a402-582f2cccba64' wallAtEnd='wall-0332ce5d-6b1e-40e4-ba62-d6b44ba04946' xStart='584.9746' yStart='141.37575' xEnd='584.9746' yEnd='200.37575' height='250.0' thickness='14.0' pattern='hatchUp'/>
  <wall id='wall-0332ce5d-6b1e-40e4-ba62-d6b44ba04946' wallAtStart='wall-7938521b-856e-4d0e-ad10-d03ecca3ea2a' wallAtEnd='wall-514d042f-eb14-4c96-a707-8d12183e28f4' xStart='584.9746' yStart='200.37575' xEnd='511.9746' yEnd='200.37575' height='250.0' thickness='14.0' pattern='hatchUp'/>
  <wall id='wall-514d042f-eb14-4c96-a707-8d12183e28f4' wallAtStart='wall-0332ce5d-6b1e-40e4-ba62-d6b44ba04946' wallAtEnd='wall-f7cf7619-145b-4cc4-b064-88b6263971c8' xStart='511.9746' yStart='200.37575' xEnd='511.9746' yEnd='148.37575' height='250.0' thickness='14.0' pattern='hatchUp'/>
  <wall id='wall-f7cf7619-145b-4cc4-b064-88b6263971c8' wallAtStart='wall-514d042f-eb14-4c96-a707-8d12183e28f4' wallAtEnd='wall-7a3d1dd0-1c14-462e-88ea-29b0193de055' xStart='511.9746' yStart='148.37575' xEnd='575.9746' yEnd='148.37575' height='250.0' thickness='14.0' pattern='hatchUp'/>
  <wall id='wall-7a3d1dd0-1c14-462e-88ea-29b0193de055' wallAtStart='wall-f7cf7619-145b-4cc4-b064-88b6263971c8' wallAtEnd='wall-099f8842-6a9a-4025-9500-f54b20db9294' xStart='575.9746' yStart='148.37575' xEnd='575.9746' yEnd='188.37575' height='250.0' thickness='14.0' pattern='hatchUp'/>
  <wall id='wall-099f8842-6a9a-4025-9500-f54b20db9294' wallAtStart='wall-7a3d1dd0-1c14-462e-88ea-29b0193de055' wallAtEnd='wall-924b3eba-0bcd-49dd-a6d3-a21bd08f1844' xStart='575.9746' yStart='188.37575' xEnd='525.9746' yEnd='188.37575' height='250.0' thickness='14.0' pattern='hatchUp'/>
  <wall id='wall-924b3eba-0bcd-49dd-a6d3-a21bd08f1844' wallAtStart='wall-099f8842-6a9a-4025-9500-f54b20db9294' wallAtEnd='wall-37edf9c4-dda8-4865-ba01-3b681eb4c7e8' xStart='525.9746' yStart='188.37575' xEnd='521.02484' yEnd='193.3255' height='250.0' thickness='14.0' pattern='hatchUp'/>
  <wall id='wall-37edf9c4-dda8-4865-ba01-3b681eb4c7e8' wallAtStart='wall-924b3eba-0bcd-49dd-a6d3-a21bd08f1844' wallAtEnd='wall-91e829c8-6f03-49d3-987d-9a265d14c6a6' xStart='521.02484' yStart='193.3255' xEnd='521.02484' yEnd='163.3255' height='250.0' thickness='14.0' pattern='hatchUp'/>
  <wall id='wall-91e829c8-6f03-49d3-987d-9a265d14c6a6' wallAtStart='wall-37edf9c4-dda8-4865-ba01-3b681eb4c7e8' wallAtEnd='wall-75c19d61-6036-4c41-8276-94d1deaafde4' xStart='521.02484' yStart='163.3255' xEnd='575.9746' yEnd='163.3255' height='250.0' thickness='14.0' pattern='hatchUp'/>
  <wall id='wall-75c19d61-6036-4c41-8276-94d1deaafde4' wallAtStart='wall-91e829c8-6f03-49d3-987d-9a265d14c6a6' wallAtEnd='wall-a7351697-a30b-4cd0-93c7-cf460fdaacff' xStart='575.9746' yStart='163.3255' xEnd='568.90356' yEnd='156.25443' height='250.0' thickness='14.0' pattern='hatchUp'/>
  <wall id='wall-a7351697-a30b-4cd0-93c7-cf460fdaacff' wallAtStart='wall-75c19d61-6036-4c41-8276-94d1deaafde4' wallAtEnd='wall-49d7e50f-173b-428c-aea1-97f64206ab19' xStart='568.90356' yStart='156.25443' xEnd='521.02484' yEnd='156.25443' height='250.0' thickness='14.0' pattern='hatchUp'/>
  <wall id='wall-49d7e50f-173b-428c-aea1-97f64206ab19' wallAtStart='wall-a7351697-a30b-4cd0-93c7-cf460fdaacff' wallAtEnd='wall-d0738e4f-65e8-494e-b8a0-cc8029d4e179' xStart='521.02484' yStart='156.25443' xEnd='521.02484' yEnd='188.37575' height='250.0' thickness='14.0' pattern='hatchUp'/>
  <wall id='wall-d0738e4f-65e8-494e-b8a0-cc8029d4e179' wallAtStart='wall-49d7e50f-173b-428c-aea1-97f64206ab19' wallAtEnd='wall-055c7369-30ac-4e29-bf28-5b3f3d6f5368' xStart='521.02484' yStart='188.37575' xEnd='562.2503' yEnd='177.32942' height='250.0' thickness='14.0' pattern='hatchUp'/>
  <wall id='wall-055c7369-30ac-4e29-bf28-5b3f3d6f5368' wallAtStart='wall-d0738e4f-65e8-494e-b8a0-cc8029d4e179' wallAtEnd='wall-11a6a551-c61c-4a4a-9842-d2b6006c3a4f' xStart='562.2503' yStart='177.32942' xEnd='568.90356' yEnd='179.11215' height='250.0' thickness='14.0' pattern='hatchUp'/>
  <wall id='wall-11a6a551-c61c-4a4a-9842-d2b6006c3a4f' wallAtStart='wall-055c7369-30ac-4e29-bf28-5b3f3d6f5368' wallAtEnd='wall-d100a6a0-56ae-4cc0-9e26-b3fb97bd6ad1' xStart='568.90356' yStart='179.11215' xEnd='521.02484' yEnd='179.11215' height='250.0' thickness='14.0' pattern='hatchUp'/>
  <wall id='wall-d100a6a0-56ae-4cc0-9e26-b3fb97bd6ad1' wallAtStart='wall-11a6a551-c61c-4a4a-9842-d2b6006c3a4f' wallAtEnd='wall-fa31fee8-4380-41da-9689-2d815f800081' xStart='521.02484' yStart='179.11215' xEnd='526.02484' yEnd='170.4519' height='250.0' thickness='14.0' pattern='hatchUp'/>
  <wall id='wall-fa31fee8-4380-41da-9689-2d815f800081' wallAtStart='wall-d100a6a0-56ae-4cc0-9e26-b3fb97bd6ad1' xStart='526.02484' yStart='170.4519' xEnd='568.90356' yEnd='170.4519' height='250.0' thickness='14.0' pattern='hatchUp'/>
  <wall id='wall-efe69c6f-a02e-45fd-a7d0-adacfa37a04c' xStart='568.90356' yStart='170.4519' xEnd='565.53894' yEnd='183.00894' height='250.0' thickness='14.0' pattern='hatchUp'/>
  <wall id='wall-2f0d898f-1cb5-47d3-9498-628e7b263e09' xStart='504.97464' yStart='578.343' xEnd='600.9746' yEnd='578.343' height='250.0' thickness='14.0' pattern='hatchUp'/>
  <wall id='wall-23f2977c-babb-463d-86fd-4d21f69a788d' wallAtStart='wall-3b599216-773d-468c-86ba-7cf0982402d7' xStart='592.9746' yStart='578.343' xEnd='592.9746' yEnd='665.343' height='250.0' thickness='14.0' pattern='hatchUp'/>
  <wall id='wall-86d55193-d0f9-4f7c-a845-3e04dbe0c77a' wallAtEnd='wall-606fed47-0b6d-4b9f-84fc-f71781e8e58b' xStart='592.9746' yStart='657.2505' xEnd='511.9746' yEnd='657.2505' height='250.0' thickness='14.0' pattern='hatchUp'/>
  <wall id='wall-606fed47-0b6d-4b9f-84fc-f71781e8e58b' wallAtStart='wall-86d55193-d0f9-4f7c-a845-3e04dbe0c77a' wallAtEnd='wall-19a0d0c1-a93e-48ca-8c1e-e5f5b5d4da28' xStart='511.9746' yStart='657.2505' xEnd='511.9746' yEnd='591.75604' height='250.0' thickness='14.0' pattern='hatchUp'/>
  <wall id='wall-19a0d0c1-a93e-48ca-8c1e-e5f5b5d4da28' wallAtStart='wall-606fed47-0b6d-4b9f-84fc-f71781e8e58b' wallAtEnd='wall-b4d8ed8c-66c9-45f1-80df-a9d04cf5415f' xStart='511.9746' yStart='591.75604' xEnd='584.9746' yEnd='591.75604' height='250.0' thickness='14.0' pattern='hatchUp'/>
  <wall id='wall-b4d8ed8c-66c9-45f1-80df-a9d04cf5415f' wallAtStart='wall-19a0d0c1-a93e-48ca-8c1e-e5f5b5d4da28' wallAtEnd='wall-bebcbaba-8426-4fe1-a744-1ec68a530c67' xStart='584.9746' yStart='591.75604' xEnd='584.9746' yEnd='651.75604' height='250.0' thickness='14.0' pattern='hatchUp'/>
  <wall id='wall-bebcbaba-8426-4fe1-a744-1ec68a530c67' wallAtStart='wall-b4d8ed8c-66c9-45f1-80df-a9d04cf5415f' xStart='584.9746' yStart='651.75604' xEnd='521.02484' yEnd='651.75604' height='250.0' thickness='14.0' pattern='hatchUp'/>
  <wall id='wall-0ce2a936-99e0-4e32-aa76-4136d66b5435' wallAtEnd='wall-d80c414a-febf-443c-a59e-cf66602ee8dd' xStart='521.02484' yStart='640.9248' xEnd='521.02484' yEnd='591.75604' height='250.0' thickness='14.0' pattern='hatchUp'/>
  <wall id='wall-d80c414a-febf-443c-a59e-cf66602ee8dd' wallAtStart='wall-0ce2a936-99e0-4e32-aa76-4136d66b5435' wallAtEnd='wall-0e96a2d3-d001-4f05-9c08-79f879290693' xStart='521.02484' yStart='591.75604' xEnd='521.02484' yEnd='651.75604' height='250.0' thickness='14.0' pattern='hatchUp'/>
  <wall id='wall-0e96a2d3-d001-4f05-9c08-79f879290693' wallAtStart='wall-d80c414a-febf-443c-a59e-cf66602ee8dd' wallAtEnd='wall-41ac3458-c48e-4698-95c4-4e8914971a84' xStart='521.02484' yStart='651.75604' xEnd='584.9746' yEnd='651.75604' height='250.0' thickness='14.0' pattern='hatchUp'/>
  <wall id='wall-41ac3458-c48e-4698-95c4-4e8914971a84' wallAtStart='wall-0e96a2d3-d001-4f05-9c08-79f879290693' wallAtEnd='wall-38f958f3-fcfd-479d-80be-cab87e38add7' xStart='584.9746' yStart='651.75604' xEnd='574.1434' yEnd='640.9248' height='250.0' thickness='14.0' pattern='hatchUp'/>
  <wall id='wall-38f958f3-fcfd-479d-80be-cab87e38add7' wallAtStart='wall-41ac3458-c48e-4698-95c4-4e8914971a84' xStart='574.1434' yStart='640.9248' xEnd='574.1434' yEnd='591.75604' height='250.0' thickness='14.0' pattern='hatchUp'/>
  <wall id='wall-e70dceaa-a81e-4ac2-b650-2bfcb6ce3fe3' xStart='568.90356' yStart='640.9248' xEnd='568.90356' yEnd='591.75604' height='250.0' thickness='14.0' pattern='hatchUp'/>
  <wall id='wall-cc530fcb-ca0f-4f2e-8c00-435bd5a5b815' xStart='562.2503' yStart='651.75604' xEnd='562.2503' yEnd='591.75604' height='250.0' thickness='14.0' pattern='hatchUp'/>
  <wall id='wall-32a04ac1-82b6-4be8-9346-27b82eeceb6b' wallAtStart='wall-fe61b788-6cc3-4a84-897a-3fc39f297ebf' xStart='551.8417' yStart='651.75604' xEnd='551.8417' yEnd='591.75604' height='250.0' thickness='14.0' pattern='hatchUp'/>
  <wall id='wall-6ee20e53-d2ed-4d6e-b16e-b186c22047a5' wallAtStart='wall-5584834f-d4c3-43bd-a006-774135a0403d' xStart='535.516' yStart='651.75604' xEnd='535.516' yEnd='591.75604' height='250.0' thickness='14.0' pattern='hatchUp'/>
  <wall id='wall-5584834f-d4c3-43bd-a006-774135a0403d' wallAtStart='wall-6ee20e53-d2ed-4d6e-b16e-b186c22047a5' xStart='535.516' yStart='651.75604' xEnd='521.02484' yEnd='597.6743' height='250.0' thickness='14.0' pattern='hatchUp'/>
  <wall id='wall-fe61b788-6cc3-4a84-897a-3fc39f297ebf' wallAtStart='wall-32a04ac1-82b6-4be8-9346-27b82eeceb6b' xStart='551.8417' yStart='651.75604' xEnd='551.8417' yEnd='597.6743' height='250.0' thickness='14.0' pattern='hatchUp'/>
  <wall id='wall-66f10f84-9cd4-49d1-b97c-536e1f9cab76' xStart='542.31836' yStart='651.75604' xEnd='542.31836' yEnd='597.6743' height='250.0' thickness='14.0' pattern='hatchUp'/>
  <wall id='wall-ccca292f-4f18-453b-b96c-8185380fc241' xStart='787.2035' yStart='130.41644' xEnd='787.2035' yEnd='511.41644' height='250.0' thickness='14.0' pattern='hatchUp'/>
  <wall id='wall-58565809-f4d4-4c0d-b80c-36d77a9fae33' xStart='778.7183' yStart='141.37575' xEnd='778.7183' yEnd='511.41644' height='250.0' thickness='14.0' pattern='hatchUp'/>
  <wall id='wall-cb83b482-baf9-417c-bee8-ea9187fd1bf5' xStart='1014.4026' yStart='130.41644' xEnd='1014.4026' yEnd='275.41644' height='250.0' thickness='14.0' pattern='hatchUp'/>
  <wall id='wall-9ef5ebb9-6d6b-44be-a495-edc274f5396a' xStart='1014.4026' yStart='268.15515' xEnd='1068.4026' yEnd='268.15515' height='250.0' thickness='14.0' pattern='hatchUp'/>
  <wall id='wall-e8dd0ef6-7654-4190-9173-31985578615d' xStart='1062.019' yStart='268.15515' xEnd='1062.019' yEnd='141.37575' height='250.0' thickness='14.0' pattern='hatchUp'/>
  <wall id='wall-f67e1936-c330-496c-b7fc-ba9f258826d9' xStart='1041.6119' yStart='130.41644' xEnd='1041.6119' yEnd='268.15515' height='250.0' thickness='14.0' pattern='hatchUp'/>
  <wall id='wall-dc415519-0a1f-445d-87e3-3143a6c821a9' wallAtEnd='wall-ac1ef90b-97c6-4707-ba8a-685961856242' xStart='1025.2863' yStart='261.35278' xEnd='1025.2863' yEnd='141.37575' height='250.0' thickness='14.0' pattern='hatchUp'/>
  <wall id='wall-ac1ef90b-97c6-4707-ba8a-685961856242' wallAtStart='wall-dc415519-0a1f-445d-87e3-3143a6c821a9' wallAtEnd='wall-fcc1c5c7-f14a-47c4-ad62-7b2cb20c95c3' xStart='1025.2863' yStart='141.37575' xEnd='1025.2863' yEnd='258.37573' height='250.0' thickness='14.0' pattern='hatchUp'/>
  <wall id='wall-fcc1c5c7-f14a-47c4-ad62-7b2cb20c95c3' wallAtStart='wall-ac1ef90b-97c6-4707-ba8a-685961856242' wallAtEnd='wall-a9f71709-313c-4ef8-90eb-0052d3b3b15a' xStart='1025.2863' yStart='258.37573' xEnd='1030.4426' yEnd='261.35278' height='250.0' thickness='14.0' pattern='hatchUp'/>
  <wall id='wall-a9f71709-313c-4ef8-90eb-0052d3b3b15a' wallAtStart='wall-fcc1c5c7-f14a-47c4-ad62-7b2cb20c95c3' xStart='1030.4426' yStart='261.35278' xEnd='1030.4426' yEnd='141.37575' height='250.0' thickness='14.0' pattern='hatchUp'/>
  <wall id='wall-be1d04d5-15ea-4a1d-a054-97c40a8f17e5' xStart='1048.4143' yStart='130.41644' xEnd='1048.4143' yEnd='261.35278' height='250.0' thickness='14.0' pattern='hatchUp'/>
  <wall id='wall-00c6aed5-f60e-4042-8a6f-bf52de1e5730' xStart='1030.4426' yStart='156.25443' xEnd='1030.4426' yEnd='130.41644' height='250.0' thickness='14.0' pattern='hatchUp'/>
  <wall id='wall-d654dc03-9730-403c-b7c3-09ed2cc9cb57' xStart='1062.019' yStart='130.41644' xEnd='1062.019' yEnd='170.4519' height='250.0' thickness='14.0' pattern='hatchUp'/>
  <wall id='wall-3b599216-773d-468c-86ba-7cf0982402d7' wallAtStart='wall-23f2977c-babb-463d-86fd-4d21f69a788d' xStart='592.9746' yStart='578.343' xEnd='794.9746' yEnd='578.343' height='250.0' thickness='14.0' pattern='hatchUp'>
    <texture attribute='rightSideTexture' name='淺色花崗岩檯面' creator='Scopia' catalogId='eTeksScopia#white-marble' width='40.0' height='40.0' image='54'/>
  </wall>
  <wall id='wall-eb2d3283-1b13-4730-8151-02d7ab8dc349' xStart='497.90356' yStart='869.4843' xEnd='600.9746' yEnd='869.4843' height='250.0' thickness='14.0' pattern='hatchUp'/>
  <wall id='wall-365f7b4d-b423-4c57-83ea-17d0b984097a' wallAtEnd='wall-a8d630c3-5d1e-498a-a1a8-1559d65aff9d' xStart='592.9746' yStart='869.4843' xEnd='592.9746' yEnd='910.4843' height='250.0' thickness='14.0' pattern='hatchUp'/>
  <wall id='wall-a8d630c3-5d1e-498a-a1a8-1559d65aff9d' wallAtStart='wall-365f7b4d-b423-4c57-83ea-17d0b984097a' wallAtEnd='wall-c3b62fd0-9e25-47a5-b28b-90f93d3a3e6d' xStart='592.9746' yStart='910.4843' xEnd='497.90356' yEnd='910.4843' height='250.0' thickness='14.0' pattern='hatchUp'/>
  <wall id='wall-c3b62fd0-9e25-47a5-b28b-90f93d3a3e6d' wallAtStart='wall-a8d630c3-5d1e-498a-a1a8-1559d65aff9d' wallAtEnd='wall-160e29b1-bdbe-4622-b7bb-4488d56864a4' xStart='497.90356' yStart='910.4843' xEnd='497.90356' yEnd='879.4843' height='250.0' thickness='14.0' pattern='hatchUp'/>
  <wall id='wall-160e29b1-bdbe-4622-b7bb-4488d56864a4' wallAtStart='wall-c3b62fd0-9e25-47a5-b28b-90f93d3a3e6d' wallAtEnd='wall-a2fc96c5-eecf-486f-9ed9-d237b13705c2' xStart='497.90356' yStart='879.4843' xEnd='584.9746' yEnd='879.4843' height='250.0' thickness='14.0' pattern='hatchUp'/>
  <wall id='wall-a2fc96c5-eecf-486f-9ed9-d237b13705c2' wallAtStart='wall-160e29b1-bdbe-4622-b7bb-4488d56864a4' wallAtEnd='wall-bffbea85-3953-4a8b-9cc7-e53ba7f6d98c' xStart='584.9746' yStart='879.4843' xEnd='584.9746' yEnd='902.4843' height='250.0' thickness='14.0' pattern='hatchUp'/>
  <wall id='wall-bffbea85-3953-4a8b-9cc7-e53ba7f6d98c' wallAtStart='wall-a2fc96c5-eecf-486f-9ed9-d237b13705c2' wallAtEnd='wall-c13e5cb3-1fbd-4390-a105-805f84e52290' xStart='584.9746' yStart='902.4843' xEnd='511.9746' yEnd='902.4843' height='250.0' thickness='14.0' pattern='hatchUp'/>
  <wall id='wall-c13e5cb3-1fbd-4390-a105-805f84e52290' wallAtStart='wall-bffbea85-3953-4a8b-9cc7-e53ba7f6d98c' wallAtEnd='wall-2b9255b8-281a-46da-86be-7427e9201ec2' xStart='511.9746' yStart='902.4843' xEnd='511.9746' yEnd='888.4843' height='250.0' thickness='14.0' pattern='hatchUp'/>
  <wall id='wall-2b9255b8-281a-46da-86be-7427e9201ec2' wallAtStart='wall-c13e5cb3-1fbd-4390-a105-805f84e52290' wallAtEnd='wall-e9504f80-d22a-43e9-9a83-54c33d5b5bce' xStart='511.9746' yStart='888.4843' xEnd='568.90356' yEnd='888.4843' height='250.0' thickness='14.0' pattern='hatchUp'/>
  <wall id='wall-e9504f80-d22a-43e9-9a83-54c33d5b5bce' wallAtStart='wall-2b9255b8-281a-46da-86be-7427e9201ec2' wallAtEnd='wall-adee53fd-e237-43d7-a23e-53a6cd83de3a' xStart='568.90356' yStart='888.4843' xEnd='574.1434' yEnd='888.4843' height='250.0' thickness='14.0' pattern='hatchUp'/>
  <wall id='wall-adee53fd-e237-43d7-a23e-53a6cd83de3a' wallAtStart='wall-e9504f80-d22a-43e9-9a83-54c33d5b5bce' wallAtEnd='wall-8a5a27a8-51c5-425e-ade2-3f9162ac018b' xStart='574.1434' yStart='888.4843' xEnd='575.9551' yEnd='895.2458' height='250.0' thickness='14.0' pattern='hatchUp'/>
  <wall id='wall-8a5a27a8-51c5-425e-ade2-3f9162ac018b' wallAtStart='wall-adee53fd-e237-43d7-a23e-53a6cd83de3a' wallAtEnd='wall-fd4a4e3e-2b22-444c-8fb6-8df0074b59af' xStart='575.9551' yStart='895.2458' xEnd='568.90356' yEnd='897.13525' height='250.0' thickness='14.0' pattern='hatchUp'/>
  <wall id='wall-fd4a4e3e-2b22-444c-8fb6-8df0074b59af' wallAtStart='wall-8a5a27a8-51c5-425e-ade2-3f9162ac018b' xStart='568.90356' yStart='897.13525' xEnd='497.90356' yEnd='897.13525' height='250.0' thickness='14.0' pattern='hatchUp'/>
  <wall id='wall-0e0e8b85-710e-4eaf-8137-424d553395a2' xStart='491.98083' yStart='895.2458' xEnd='504.97464' yEnd='891.7641' height='250.0' thickness='14.0' pattern='hatchUp'/>
  <wall id='wall-6bbd2566-cb41-4ef0-8aa6-a7f3adfe29f3' xStart='575.9551' yStart='895.2458' xEnd='511.9746' yEnd='895.2458' height='250.0' thickness='14.0' pattern='hatchUp'/>
  <wall id='wall-5f67578a-a055-4ed2-95a6-9393e599c761' xStart='592.9746' yStart='910.4843' xEnd='1181.9746' yEnd='910.4843' height='250.0' thickness='14.0' pattern='hatchUp'/>
  <wall id='wall-36a89cd8-058d-4cdd-a13e-af82315b08a1' xStart='584.9746' yStart='902.4843' xEnd='1181.9746' yEnd='902.4843' height='250.0' thickness='14.0' pattern='hatchUp'/>
  <wall id='wall-8e536b21-aa11-43d3-9b28-072cbc7848c0' xStart='787.2035' yStart='500.37573' xEnd='787.2035' yEnd='578.343' height='250.0' thickness='14.0' pattern='hatchUp'/>
  <wall id='wall-e2a480b7-c603-4b24-bed6-c9cacafcc77d' xStart='778.7183' yStart='500.37573' xEnd='778.7183' yEnd='578.343' height='250.0' thickness='14.0' pattern='hatchUp'/>
  <wall id='wall-aececf94-5b4c-45cd-9136-825a7d8c1335' xStart='972.2279' yStart='599.0348' xEnd='972.2279' yEnd='767.0348' height='250.0' thickness='14.0' pattern='hatchUp'>
    <texture attribute='leftSideTexture' name='米色磁磚' creator='Scopia' catalogId='eTeksScopia#bathroom-tile-beige' width='100.0' height='100.0' image='53'/>
  </wall>
  <wall id='wall-eb751a90-e05e-4b37-b98e-d9f90c048efd' xStart='972.2279' yStart='759.28595' xEnd='1189.9036' yEnd='759.28595' height='250.0' thickness='14.0' pattern='hatchUp'>
    <texture attribute='leftSideTexture' name='米色磁磚' creator='Scopia' catalogId='eTeksScopia#bathroom-tile-beige' width='100.0' height='100.0' image='53'/>
  </wall>
  <wall id='wall-61da48d1-dbbd-4d40-b6d6-65423e98d36c' xStart='1053.8562' yStart='268.15515' xEnd='1189.9036' yEnd='268.15515' height='250.0' thickness='14.0' pattern='hatchUp'/>
  <wall id='wall-e0fd0bff-2b27-4800-9e05-80ae8347250a' xStart='778.7183' yStart='148.37575' xEnd='778.7183' yEnd='130.41644' height='250.0' thickness='14.0' pattern='hatchUp'/>
  <wall id='wall-d0ba1ff4-f471-4d02-9a9c-a36bda68bd63' xStart='1181.9746' yStart='537.5289' xEnd='1181.9746' yEnd='585.5289' height='250.0' thickness='14.0' pattern='hatchUp'/>
  <wall id='wall-86c0eb17-0e63-4108-97b9-61ee9448aa7f' xStart='1181.9746' yStart='537.5289' xEnd='1181.9746' yEnd='560.65686' height='250.0' thickness='14.0' pattern='hatchUp'/>
  <wall id='wall-8369b85c-7f6d-4d44-b064-fceb60451b38' xStart='1189.9036' yStart='591.75604' xEnd='965.90356' yEnd='591.75604' height='250.0' thickness='14.0' pattern='hatchUp'>
    <texture attribute='leftSideTexture' name='米色磁磚' creator='Scopia' catalogId='eTeksScopia#bathroom-tile-beige' width='100.0' height='100.0' image='53'/>
  </wall>
  <wall id='wall-190ec63f-8a65-4139-924d-ccb653b66118' xStart='1189.9036' yStart='526.6451' xEnd='1141.9036' yEnd='526.6451' height='250.0' thickness='14.0' pattern='hatchUp'/>
  <wall id='wall-b7ec6570-7ce5-43e8-8460-3b9997ff91a2' xStart='1149.0894' yStart='526.6451' xEnd='1149.0894' yEnd='591.75604' height='250.0' thickness='14.0' pattern='hatchUp'/>
  <wall id='wall-417c9e2c-4184-47e6-8d23-824fa98aaad5' wallAtEnd='wall-aa8d70f6-25ca-45f6-8bff-23099c10264f' xStart='1165.415' yStart='537.5289' xEnd='1165.415' yEnd='593.5289' height='250.0' thickness='14.0' pattern='hatchUp'/>
  <wall id='wall-aa8d70f6-25ca-45f6-8bff-23099c10264f' wallAtStart='wall-417c9e2c-4184-47e6-8d23-824fa98aaad5' wallAtEnd='wall-c2405ce2-b011-4cde-ade7-64594c52e830' xStart='1165.415' yStart='593.5289' xEnd='1165.415' yEnd='526.6451' height='250.0' thickness='14.0' pattern='hatchUp'/>
  <wall id='wall-ac0c1118-60a5-4bff-9f88-20816fcc1a02' wallAtEnd='wall-03eeed7c-8a16-4fc0-a77e-25eaadc48e2f' xStart='1181.9746' yStart='526.6451' xEnd='1181.9746' yEnd='591.75604' height='250.0' thickness='14.0' pattern='hatchUp'/>
  <wall id='wall-03eeed7c-8a16-4fc0-a77e-25eaadc48e2f' wallAtStart='wall-ac0c1118-60a5-4bff-9f88-20816fcc1a02' xStart='1181.9746' yStart='591.75604' xEnd='1181.9746' yEnd='526.6451' height='250.0' thickness='14.0' pattern='hatchUp'/>
  <wall id='wall-6c11162d-0817-45e4-b134-5b4f5a6d36ab' wallAtEnd='wall-97340526-1cc1-43c4-bc41-159087cc723e' xStart='1157.2522' yStart='537.5289' xEnd='1157.2522' yEnd='585.5289' height='250.0' thickness='14.0' pattern='hatchUp'/>
  <wall id='wall-97340526-1cc1-43c4-bc41-159087cc723e' wallAtStart='wall-6c11162d-0817-45e4-b134-5b4f5a6d36ab' xStart='1157.2522' yStart='585.5289' xEnd='1157.2522' yEnd='537.5289' height='250.0' thickness='14.0' pattern='hatchUp'/>
  <wall id='wall-2f2ed4c6-fd17-445f-9ae4-3bf833357ac7' xStart='1170.8569' yStart='532.087' xEnd='1170.8569' yEnd='585.5289' height='250.0' thickness='14.0' pattern='hatchUp'/>
  <wall id='wall-c2405ce2-b011-4cde-ade7-64594c52e830' wallAtStart='wall-aa8d70f6-25ca-45f6-8bff-23099c10264f' xStart='1165.415' yStart='526.6451' xEnd='1157.2522' yEnd='557.1092' height='250.0' thickness='14.0' pattern='hatchUp'/>
  <wall id='wall-4b963a6c-8952-4e6f-b2c7-54db2468082c' wallAtStart='wall-453ccd2f-1ffa-461f-aaeb-62f89ba3b3b4' wallAtEnd='wall-9bd43766-3ec1-4682-be01-1b933d953f25' xStart='1189.9036' yStart='918.22406' xEnd='1189.9036' yEnd='759.28595' height='250.0' thickness='14.0' pattern='hatchUp'/>
  <wall id='wall-9bd43766-3ec1-4682-be01-1b933d953f25' wallAtStart='wall-4b963a6c-8952-4e6f-b2c7-54db2468082c' wallAtEnd='wall-38c6670c-d0a8-46c1-8276-c63cfa86f296' xStart='1189.9036' yStart='759.28595' xEnd='1189.9036' yEnd='591.75604' height='250.0' thickness='14.0' pattern='hatchUp'>
    <texture attribute='leftSideTexture' name='米色磁磚' creator='Scopia' catalogId='eTeksScopia#bathroom-tile-beige' width='100.0' height='100.0' image='53'/>
  </wall>
  <wall id='wall-38c6670c-d0a8-46c1-8276-c63cfa86f296' wallAtStart='wall-9bd43766-3ec1-4682-be01-1b933d953f25' xStart='1189.9036' yStart='591.75604' xEnd='1189.9036' yEnd='121.22406' height='250.0' thickness='14.0' pattern='hatchUp'/>
  <wall id='wall-57dcec43-7462-49b5-86c4-a9d376614f33' wallAtEnd='wall-790032da-df79-4b46-88d6-5d470e858d62' xStart='787.2035' yStart='493.9937' xEnd='1005.2035' yEnd='493.9937' height='250.0' thickness='10.0' pattern='hatchUp'/>
  <wall id='wall-790032da-df79-4b46-88d6-5d470e858d62' wallAtStart='wall-57dcec43-7462-49b5-86c4-a9d376614f33' xStart='1005.2035' yStart='493.9937' xEnd='1005.2035' yEnd='130.41644' height='250.0' thickness='10.0' pattern='hatchUp'/>
</home>