<?xml version='1.0'?>
<home version='7400' exportFlags='17' name='建模配置.sh3d' camera='observerCamera' selectedLevel='level-bccb3175-5ca5-431c-b6d3-a0c55325a85f' wallHeight='250.0'>
  <environment groundColor='00A8A8A8' skyColor='00CCE4FC' lightColor='00D0D0D0'/>
  <observerCamera attribute='observerCamera' lens='PINHOLE' x='737.3134' y='500.59235' z='518.4342' yaw='-3.1875687' pitch='1.3257968' fieldOfView='2.0943952' time='1753272000000'/>
  <camera attribute='topCamera' lens='PINHOLE' x='1668.2253' y='1669.2622' z='2042.2787' yaw='-66.594345' pitch='0.92579705' fieldOfView='1.0995575' time='1753272000000'/>
  <level id='level-bccb3175-5ca5-431c-b6d3-a0c55325a85f' name='樓層 0' elevation='0.0' floorThickness='12.0' height='250.0' elevationIndex='0'/>
  <doorOrWindow level='level-bccb3175-5ca5-431c-b6d3-a0c55325a85f' catalogId='eTeks#sliderWindow126x200' name='平移窗' creator='eTeks' model='1' x='1125.0425' y='267.1548' elevation='11.0' width='107.0' depth='12.0' height='190.0' modelSize='7950' movable='false' cutOutShape='M0,0 v1 h1 v-1 z' wallCutOutOnBothSides='true'/>
  <pieceOfFurniture level='level-bccb3175-5ca5-431c-b6d3-a0c55325a85f' catalogId='Blend Swap CC-0#showerStall' name='淋浴間' creator='Asterlil' model='4/showerStall.obj' x='1126.9536' y='705.7359' angle='1.5707964' width='93.1' depth='111.9' height='200.0' modelMirrored='true' modelSize='513396'>
    <material name='Glass' color='FFFFFFFF'/>
    <material name='chrome_shiny' color='FFEEEEEE'/>
  </pieceOfFurniture>
  <pieceOfFurniture level='level-bccb3175-5ca5-431c-b6d3-a0c55325a85f' catalogId='Blend Swap CC-BY#modernToilet' name='馬桶' creator='Starapple' model='6/modernToilet.obj' x='1140.4036' y='628.62305' angle='1.5707964' width='44.8' depth='85.0' height='76.5' modelSize='416506' movable='false'/>
  <pieceOfFurniture level='level-bccb3175-5ca5-431c-b6d3-a0c55325a85f' catalogId='LucaPresidente#mobilettoLavaboWenge' name='棕色洗臉台' creator='LucaPresidente' model='8/mobilettoLavaboWenge.obj' x='1019.7279' y='731.03595' angle='3.1415927' width='81.0' depth='42.5' height='101.3' modelMirrored='true' modelSize='352939'>
    <material name='Rectangle10_4'>
      <texture name='漂白木' creator='Emmanuel Puybaret' width='40.0' height='80.0' image='9'/>
    </material>
  </pieceOfFurniture>
  <pieceOfFurniture level='level-bccb3175-5ca5-431c-b6d3-a0c55325a85f' catalogId='OlaKristianHoff#bathroom_cupboard_mirror' name='鏡' creator='Ola-Kristian Hoff' model='11/bathroom_cupboard_mirror.obj' x='1019.85596' y='751.78595' elevation='120.0' angle='3.1415927' width='71.0' depth='1.0' height='75.0' modelSize='61860'/>
  <doorOrWindow level='level-bccb3175-5ca5-431c-b6d3-a0c55325a85f' catalogId='Scopia#door' name='門' creator='Scopia' model='13/door.obj' x='974.28107' y='641.3082' angle='4.712389' width='96.0' depth='32.66742' height='210.0' modelSize='146649' movable='false' cutOutShape='M0,0 v1 h1 v-1 z' wallCutOutOnBothSides='true'/>
  <pieceOfFurniture level='level-bccb3175-5ca5-431c-b6d3-a0c55325a85f' catalogId='Blend Swap CC-BY#kitchenUpperCabinet' name='上櫃' creator='Jay-Artist' model='15/kitchenUpperCabinet.obj' x='1174.9036' y='628.74396' elevation='140.0' angle='1.5707964' width='50.0' depth='16.0' height='50.0' modelSize='56106'/>
  <pieceOfFurniture level='level-bccb3175-5ca5-431c-b6d3-a0c55325a85f' catalogId='NMi#stainlessSteelShelf' name='不鏽鋼毛巾架' creator='N Mi' model='17/stainlessSteelShelf.obj' x='1105.0657' y='743.28595' elevation='160.0' angle='3.1415927' width='48.0' depth='18.0' height='10.0' modelSize='104200'/>
  <pieceOfFurniture level='level-bccb3175-5ca5-431c-b6d3-a0c55325a85f' catalogId='Pencilart#refridgerator' name='電冰箱' creator='Pencilart' model='19/refridgerator.obj' x='1113.9036' y='552.75604' angle='3.1415927' width='56.0' depth='64.0' height='167.0' modelMirrored='true' modelSize='17437'>
    <material name='offwhite' color='FF8F8F8F'/>
  </pieceOfFurniture>
  <doorOrWindow level='level-bccb3175-5ca5-431c-b6d3-a0c55325a85f' catalogId='Scopia#door' name='門' creator='Scopia' model='13/door.obj' x='785.1503' y='535.4245' angle='1.5707964' width='75.0' depth='32.66742' height='210.0' modelSize='146649' movable='false' cutOutShape='M0,0 v1 h1 v-1 z' wallCutOutOnBothSides='true'/>
  <doorOrWindow level='level-bccb3175-5ca5-431c-b6d3-a0c55325a85f' catalogId='Scopia#door' name='門' creator='Scopia' model='13/door.obj' x='908.23883' y='495.4602' angle='3.1415927' width='75.0' depth='23.334084' height='210.0' modelSize='146649' movable='false' cutOutShape='M0,0 v1 h1 v-1 z' wallCutOutOnBothSides='true'/>
  <pieceOfFurniture level='level-bccb3175-5ca5-431c-b6d3-a0c55325a85f' catalogId='Pastierovic#cabinet' name='廚房流理臺 下櫃' creator='Robert Pastierovic' model='21' x='1162.9036' y='340.59845' angle='1.5707964' width='80.0' depth='40.0' height='86.0' modelSize='6487'>
    <material name='grey' color='FFFFFFFF'/>
    <material name='white'>
      <texture name='廚房-HI-MACS G-234' width='50.0' height='50.0' image='22'/>
    </material>
  </pieceOfFurniture>
  <pieceOfFurniture level='level-bccb3175-5ca5-431c-b6d3-a0c55325a85f' catalogId='Scopia#induction-cooker-2-zones' name='雙口電磁爐' creator='Scopia' model='24/induction-cooker-2-zones.obj' x='1157.8439' y='335.8015' elevation='86.0' angle='3.1415927' width='20.0' depth='60.0' height='0.4' modelSize='19880'/>
  <pieceOfFurniture level='level-bccb3175-5ca5-431c-b6d3-a0c55325a85f' catalogId='Blend Swap CC-0#sinkCabinet2' name='水槽' creator='Vladoffsky' model='26/sinkCabinet2.obj' x='1162.9036' y='410.59845' angle='1.5707964' width='60.0' depth='40.0' height='121.200005' modelSize='343504'>
    <material name='cabinetBaseboard' color='FFFFFFFF'/>
    <material name='cabinetBody' color='FFFFFFFF'/>
    <material name='cabinetDoorBorder' color='FFFFFFFF'/>
    <material name='counter'>
      <texture name='廚房-HI-MACS G-234' width='50.0' height='50.0' image='22'/>
    </material>
    <material name='counterBorder'>
      <texture name='廚房-HI-MACS G-234' width='50.0' height='50.0' image='22'/>
    </material>
    <material name='metal' color='FF828282'/>
    <material name='sink' color='FF828282'/>
  </pieceOfFurniture>
  <pieceOfFurniture level='level-bccb3175-5ca5-431c-b6d3-a0c55325a85f' catalogId='Infernal-quack#meubleMicroOnde' name='微波爐櫥櫃' creator='Infernal-quack' model='28' x='1032.2035' y='466.3' angle='4.712389' width='62.600002' depth='44.0' height='130.0' modelSize='58028'/>
  <pieceOfFurniture level='level-bccb3175-5ca5-431c-b6d3-a0c55325a85f' catalogId='Blend Swap CC-BY#kitchenLowerCabinet' name='矮櫃' creator='Jay-Artist' model='30/kitchenLowerCabinet.obj' x='1032.2035' y='324.2165' angle='4.712389' width='97.6' depth='44.0' height='90.0' modelSize='89976'>
    <material name='Cupboard-units' shininess='0.5'/>
    <material name='Metal-Handles' color='FFF6F6F6'/>
    <material name='Wood-top-suround'>
      <texture name='廚房-HI-MACS G-234' width='50.0' height='50.0' image='22'/>
    </material>
    <material name='Worktops-main' shininess='0.0703125'>
      <texture name='廚房-HI-MACS G-234' width='50.0' height='50.0' image='22'/>
    </material>
  </pieceOfFurniture>
  <pieceOfFurniture level='level-bccb3175-5ca5-431c-b6d3-a0c55325a85f' catalogId='Blend Swap CC-BY#kitchenLowerCabinet' name='矮櫃' creator='Jay-Artist' model='30/kitchenLowerCabinet.obj' x='1162.9036' y='480.59845' angle='1.5707964' width='80.0' depth='40.0' height='95.0' modelSize='89976'>
    <material name='Cupboard-units' shininess='0.5'/>
    <material name='Metal-Handles' color='FFF6F6F6'/>
    <material name='Wood-top-suround'>
      <texture name='廚房-HI-MACS G-234' width='50.0' height='50.0' image='22'/>
    </material>
    <material name='Worktops-main' shininess='0.0703125'>
      <texture name='廚房-HI-MACS G-234' width='50.0' height='50.0' image='22'/>
    </material>
  </pieceOfFurniture>
  <pieceOfFurniture level='level-bccb3175-5ca5-431c-b6d3-a0c55325a85f' catalogId='Pastierovic#drawers' name='廚房流理臺下櫃 抽屜' creator='Robert Pastierovic' model='32' x='1032.2035' y='403.01648' angle='4.712389' width='60.0' depth='44.0' height='86.0' modelSize='7652'>
    <material name='grey' color='FFD7D7D7'/>
    <material name='white'>
      <texture name='廚房-HI-MACS G-234' width='50.0' height='50.0' image='22'/>
    </material>
  </pieceOfFurniture>
  <pieceOfFurniture level='level-bccb3175-5ca5-431c-b6d3-a0c55325a85f' catalogId='Omari#oven' name='烤箱' creator='Ben Omari' model='34/oven_Scene.obj' x='1034.6454' y='466.22125' elevation='86.0' angle='4.712389' width='50.0' depth='38.0' height='35.0' modelMirrored='true' modelSize='6704'/>
  <pieceOfFurniture level='level-bccb3175-5ca5-431c-b6d3-a0c55325a85f' catalogId='Omari#pensile_cucina_45x90' name='烘碗機' creator='Ben Omari' model='36/pensile_cucina_45x90_Scene.obj' x='1163.9036' y='426.9018' elevation='155.0' angle='1.5707964' width='90.0' depth='38.0' height='42.7' modelSize='19554'/>
  <pieceOfFurniture level='level-bccb3175-5ca5-431c-b6d3-a0c55325a85f' catalogId='Blend Swap CC-BY#kitchenblender' name='果汁機' creator='PrinterKiller' model='38/kitchenblender.obj' x='1033.0863' y='296.9913' elevation='83.0' angle='4.712389' width='15.6' depth='22.300001' height='42.7' modelSize='2543472'/>
  <pieceOfFurniture level='level-bccb3175-5ca5-431c-b6d3-a0c55325a85f' catalogId='Scopia#kitchenHood' name='吸煙機' creator='Scopia' model='40/kitchenHood.obj' x='1160.4036' y='332.067' elevation='140.0' angle='1.5707964' width='59.8' depth='45.0' height='14.3' modelSize='44376'/>
  <pieceOfFurniture level='level-bccb3175-5ca5-431c-b6d3-a0c55325a85f' catalogId='Blend Swap CC-BY#kitchenUpperCabinet' name='上櫃' creator='Jay-Artist' model='15/kitchenUpperCabinet.obj' x='1166.8535' y='341.9018' elevation='155.0' angle='1.5707964' width='80.0' depth='32.100002' height='78.0' modelSize='56106'/>
  <pieceOfFurniture level='level-bccb3175-5ca5-431c-b6d3-a0c55325a85f' catalogId='Blend Swap CC-BY#kitchenUpperCabinet' name='上櫃' creator='Jay-Artist' model='15/kitchenUpperCabinet.obj' x='1166.8535' y='426.9018' elevation='192.0' angle='1.5707964' width='90.0' depth='32.100002' height='40.0' modelSize='56106'/>
  <pieceOfFurniture level='level-bccb3175-5ca5-431c-b6d3-a0c55325a85f' catalogId='eTeks#kitchenUpperCabinet' name='上櫃' creator='eTeks' model='42' x='1166.9036' y='496.9018' elevation='165.0' angle='1.5707964' width='50.0' depth='32.0' height='67.0' modelSize='11850'/>
  <pieceOfFurniture level='level-bccb3175-5ca5-431c-b6d3-a0c55325a85f' catalogId='eTeks#bed90x190' name='床 90x190' creator='eTeks' model='44' x='905.2035' y='191.41644' angle='1.5707964' width='108.0' depth='190.0' height='70.0' modelSize='11692'>
    <material name='bone2' color='FFFDF4E3'/>
    <material name='flyellow'>
      <texture name='系統櫃-克蘭橡木 (U809)' width='21.0' height='28.903225' image='45'/>
    </material>
  </pieceOfFurniture>
  <pieceOfFurniture level='level-bccb3175-5ca5-431c-b6d3-a0c55325a85f' catalogId='eTeks#wardrobe' name='衣櫥' creator='eTeks' model='47' x='975.2035' y='438.9937' angle='1.5707964' width='100.0' depth='50.0' height='165.0' modelSize='23218'>
    <material name='default' color='FF212121'/>
    <material name='white'>
      <texture name='系統櫃-克蘭橡木 (U809)' width='21.0' height='28.903225' image='45'/>
    </material>
  </pieceOfFurniture>
  <pieceOfFurniture level='level-bccb3175-5ca5-431c-b6d3-a0c55325a85f' catalogId='LucaPresidente#mensolaAcero' name='原木色層板' creator='LucaPresidente' model='49/mensolaAcero.obj' x='803.7035' y='193.97627' angle='4.712389' width='111.0' depth='19.0' height='70.0' modelRotation='0 0 1 0 1 0 -1 0 0' modelSize='25140'>
    <material name='Box46_1'>
      <texture name='系統櫃-克蘭橡木 (U809)' width='21.0' height='28.903225' image='45'/>
    </material>
  </pieceOfFurniture>
  <pieceOfFurniture level='level-bccb3175-5ca5-431c-b6d3-a0c55325a85f' catalogId='Scopia#table4' name='桌子' creator='Scopia' model='51/table4.obj' x='831.7035' y='326.11133' angle='4.712389' width='150.0' depth='75.0' height='75.0' modelRotation='0 0 1 0 1 0 -1 0 0' modelSize='47953'/>
  <pieceOfFurniture level='level-bccb3175-5ca5-431c-b6d3-a0c55325a85f' catalogId='Blend Swap CC-BY#armChair2' name='扶手椅' creator='TreyClaine' model='53/armChair2.obj' x='891.7035' y='321.4925' angle='1.5707964' width='53.0' widthInPlan='53.000008' depth='45.0' height='88.5' modelMirrored='true' modelSize='196958'/>
  <shelfUnit level='level-bccb3175-5ca5-431c-b6d3-a0c55325a85f' catalogId='Blend Swap CC-0#L_shaped_sofa' name='轉角沙發' creator='Nhumrod' model='55/L_shaped_sofa.obj' x='718.9599' y='823.6843' angle='3.1415927' width='233.7' depth='143.6' height='80.0' modelSize='1398748'>
    <material name='leather'>
      <texture name='布料-沙發' width='40.0' height='40.108696' image='56'/>
    </material>
    <material name='wood'>
      <texture name='布料-沙發' width='40.0' height='40.108696' image='56'/>
    </material>
  </shelfUnit>
  <pieceOfFurniture level='level-bccb3175-5ca5-431c-b6d3-a0c55325a85f' catalogId='Scopia#internal-unity-air-conditioning' name='空調冷氣機' creator='Scopia' model='58/internal-unity-air-conditioning.obj' x='990.30347' y='312.40515' elevation='200.0' angle='1.5707964' width='88.5' depth='19.800001' height='28.5' modelSize='185600' movable='false'/>
  <pieceOfFurniture level='level-bccb3175-5ca5-431c-b6d3-a0c55325a85f' catalogId='Blend Swap CC-BY#tvStand' name='電視櫃' creator='Leximumxii' model='60/tvStand.obj' x='714.7291' y='608.593' width='135.1' depth='46.5' height='52.600002' modelSize='40159'/>
  <pieceOfFurniture level='level-bccb3175-5ca5-431c-b6d3-a0c55325a85f' catalogId='LucaPresidente#mobile45160W' name='黑色置物櫃 45x160' creator='LucaPresidente' model='62/mobile45160W.obj' x='624.67914' y='609.74304' width='45.0' depth='48.8' height='160.0' modelSize='111408'/>
  <pieceOfFurniture level='level-bccb3175-5ca5-431c-b6d3-a0c55325a85f' catalogId='eTeks#flatTV' name='平面電視' creator='eTeks' model='64' x='714.37714' y='600.343' elevation='52.600002' width='121.0' depth='30.0' height='79.3' modelSize='13041'/>
  <shelfUnit level='level-bccb3175-5ca5-431c-b6d3-a0c55325a85f' catalogId='Infernal-quack#tableBasseBois' name='木製咖啡桌' creator='Infernal-quack' model='66' x='747.9188' y='757.663' width='100.0' depth='80.0' height='37.8' modelSize='10157'>
    <material name='lighttannew' color='FFFEFEFE'/>
  </shelfUnit>
  <pieceOfFurniture level='level-bccb3175-5ca5-431c-b6d3-a0c55325a85f' catalogId='eTeks#bed' name='床' creator='eTeks' model='68' x='584.27466' y='453.59344' angle='3.1415927' width='144.6' depth='193.1' height='52.8' modelSize='24868'/>
  <pieceOfFurniture level='level-bccb3175-5ca5-431c-b6d3-a0c55325a85f' catalogId='LucaPresidente#mensolaAcero' name='原木色層板' creator='LucaPresidente' model='49/mensolaAcero.obj' x='582.64264' y='560.64343' angle='3.1415927' width='140.0' depth='21.0' height='70.0' modelRotation='0 0 1 0 1 0 -1 0 0' modelSize='25140'>
    <material name='Box46_1' color='FF212121'/>
  </pieceOfFurniture>
  <pieceOfFurniture level='level-bccb3175-5ca5-431c-b6d3-a0c55325a85f' catalogId='eTeks#wardrobe' name='衣櫥' creator='eTeks' model='47' x='744.7183' y='389.1282' angle='1.5707964' width='198.0' depth='54.0' height='190.0' modelSize='23218'>
    <material name='white'>
      <texture name='系統櫃-克蘭橡木 (U809)' width='21.0' height='28.903225' image='45'/>
    </material>
  </pieceOfFurniture>
  <pieceOfFurniture level='level-bccb3175-5ca5-431c-b6d3-a0c55325a85f' catalogId='eTeks#wardrobe' name='衣櫥' creator='eTeks' model='47' x='744.7183' y='255.1282' angle='1.5707964' width='70.0' depth='54.0' height='190.0' modelSize='23218'>
    <material name='white'>
      <texture name='系統櫃-克蘭橡木 (U809)' width='21.0' height='28.903225' image='45'/>
    </material>
  </pieceOfFurniture>
  <pieceOfFurniture level='level-bccb3175-5ca5-431c-b6d3-a0c55325a85f' catalogId='LucaPresidente#mensolaAcero' name='原木色層板' creator='LucaPresidente' model='49/mensolaAcero.obj' x='649.4746' y='114.347916' elevation='70.0' width='99.0' depth='67.0' height='5.0' modelRotation='0 0 1 0 1 0 -1 0 0' modelSize='25140'>
    <material name='Box46_1'>
      <texture name='木紋-淺色' width='20.0' height='20.0' image='69'/>
    </material>
  </pieceOfFurniture>
  <pieceOfFurniture level='level-bccb3175-5ca5-431c-b6d3-a0c55325a85f' catalogId='LucaPresidente#mensolaAcero' name='原木色層板' creator='LucaPresidente' model='49/mensolaAcero.obj' x='710.5655' y='124.982956' elevation='70.0' angle='0.7853982' width='71.0' depth='45.0' height='5.0' modelRotation='0 0 1 0 1 0 -1 0 0' modelSize='25140'>
    <material name='Box46_1'>
      <texture name='木紋-淺色' width='20.0' height='20.0' image='69'/>
    </material>
  </pieceOfFurniture>
  <pieceOfFurniture level='level-bccb3175-5ca5-431c-b6d3-a0c55325a85f' catalogId='LucaPresidente#mensolaAcero' name='原木色層板' creator='LucaPresidente' model='49/mensolaAcero.obj' x='744.7183' y='179.6282' elevation='70.0' angle='1.5707964' width='81.0' depth='54.0' height='5.0' modelRotation='0 0 1 0 1 0 -1 0 0' modelSize='25140'>
    <material name='Box46_1'>
      <texture name='木紋-淺色' width='20.0' height='20.0' image='69'/>
    </material>
  </pieceOfFurniture>
  <shelfUnit level='level-bccb3175-5ca5-431c-b6d3-a0c55325a85f' catalogId='Scopia#kids_shelves' name='置物架' creator='Scopia' model='71/kids_shelves.obj' x='756.7183' y='147.34392' elevation='80.0' width='30.0' depth='15.0' height='120.0' modelSize='69779'/>
  <doorOrWindow level='level-bccb3175-5ca5-431c-b6d3-a0c55325a85f' catalogId='SeberRider#frontDoor2' name='前門' creator='Seber Rider' model='73/frontDoor2.obj' x='1189.9036' y='828.9068' angle='1.5707964' width='112.0' depth='14.00075' height='216.0' modelSize='96717' movable='false' wallCutOutOnBothSides='true'/>
  <shelfUnit level='level-bccb3175-5ca5-431c-b6d3-a0c55325a85f' catalogId='Geantick#glassDoorCabinet' name='玻璃門櫃' creator='Geantick' model='75' x='975.2035' y='351.7437' angle='1.5707964' width='74.5' depth='50.0' height='165.0' modelSize='29872'>
    <material name='bone'>
      <texture name='系統櫃-克蘭橡木 (U809)' width='21.0' height='28.903225' image='45'/>
    </material>
    <material name='silver'>
      <texture name='系統櫃-克蘭橡木 (U809)' width='21.0' height='28.903225' image='45'/>
    </material>
  </shelfUnit>
  <pieceOfFurniture level='level-bccb3175-5ca5-431c-b6d3-a0c55325a85f' catalogId='Jabberwalky#kommode' name='櫃子' creator='Jabberwalky' model='77/kommode.obj' x='1037.7264' y='874.5343' angle='3.1415927' width='95.1' depth='41.9' height='93.0' modelMirrored='true' color='FF212121' modelSize='13933'/>
  <pieceOfFurniture level='level-bccb3175-5ca5-431c-b6d3-a0c55325a85f' catalogId='Scopia#internal-unity-air-conditioning' name='空調冷氣機' creator='Scopia' model='58/internal-unity-air-conditioning.obj' x='521.87463' y='346.25018' elevation='200.0' angle='4.712389' width='88.5' depth='19.800001' height='28.5' modelSize='185600' movable='false'/>
  <doorOrWindow level='level-bccb3175-5ca5-431c-b6d3-a0c55325a85f' catalogId='OlaKristianHoff#window_shop' name='固定窗' creator='Ola-Kristian Hoff' model='79/window_shop.obj' x='504.97464' y='406.34512' elevation='80.0' angle='4.712389' width='147.0' depth='14.00075' height='110.0' modelSize='3355' movable='false' cutOutShape='M0,0 v1 h1 v-1 z' wallCutOutOnBothSides='true'/>
  <doorOrWindow level='level-bccb3175-5ca5-431c-b6d3-a0c55325a85f' catalogId='eTeks#window85x123' name='小窗戶' creator='eTeks' model='81' x='502.45462' y='507.34512' elevation='80.0' angle='1.5707963' width='55.0' depth='19.04075' height='110.0' modelMirrored='true' shininess='0.5' modelSize='9333' movable='false' cutOutShape='M0,0 v1 h1 v-1 z' wallCutOutOnBothSides='true'/>
  <doorOrWindow level='level-bccb3175-5ca5-431c-b6d3-a0c55325a85f' catalogId='OlaKristianHoff#window_shop' name='固定窗' creator='Ola-Kristian Hoff' model='79/window_shop.obj' x='631.3201' y='73.84787' elevation='100.0' angle='6.283185' width='131.0' depth='14.00075' height='110.0' modelSize='3355' movable='false' cutOutShape='M0,0 v1 h1 v-1 z' wallCutOutOnBothSides='true'/>
  <doorOrWindow level='level-bccb3175-5ca5-431c-b6d3-a0c55325a85f' catalogId='eTeks#window85x123' name='小窗戶' creator='eTeks' model='81' x='730.08215' y='99.21649' elevation='100.0' angle='3.9269907' width='70.0' depth='14.0' height='110.0' modelMirrored='true' shininess='0.5' modelSize='9333' movable='false' cutOutShape='M0,0 v1 h1 v-1 z' wallCutOutOnBothSides='true'/>
  <doorOrWindow level='level-bccb3175-5ca5-431c-b6d3-a0c55325a85f' catalogId='eTeks#window85x123' name='小窗戶' creator='eTeks' model='81' x='502.45462' y='305.34512' elevation='80.0' angle='1.5707963' width='55.0' depth='19.04075' height='110.0' shininess='0.5' modelSize='9333' movable='false' cutOutShape='M0,0 v1 h1 v-1 z' wallCutOutOnBothSides='true'/>
  <pieceOfFurniture level='level-bccb3175-5ca5-431c-b6d3-a0c55325a85f' catalogId='Puybaret#mirror' name='無框鏡' creator='Emmanuel Puybaret' model='83/mirror.obj' x='771.9683' y='180.49895' elevation='100.0' angle='1.5707964' width='40.0' depth='0.5' height='40.0' modelSize='7802'/>
  <pieceOfFurniture level='level-bccb3175-5ca5-431c-b6d3-a0c55325a85f' catalogId='Puybaret#mirror' name='無框鏡' creator='Emmanuel Puybaret' model='83/mirror.obj' x='768.2183' y='186.41693' elevation='100.0' angle='1.5707964' width='54.0' depth='7.0' height='85.0' modelSize='7802'/>
  <pieceOfFurniture level='level-bccb3175-5ca5-431c-b6d3-a0c55325a85f' catalogId='Scopia#external-unity-air-conditioning' name='空調冷氣機' creator='Scopia' model='85/external-unity-air-conditioning.obj' x='1168.7036' y='188.6535' elevation='140.0' angle='1.5707964' width='77.1' depth='28.4' height='54.2' modelSize='200253' movable='false'/>
  <pieceOfFurniture level='level-bccb3175-5ca5-431c-b6d3-a0c55325a85f' name='直立式洗衣機' model='87/Washer%20Whirlpool%20AWE%20N190118.3DS' x='1155.4036' y='233.65479' angle='1.5707964' width='55.0' depth='55.0' height='101.0' modelSize='13221767'/>
  <light level='level-bccb3175-5ca5-431c-b6d3-a0c55325a85f' catalogId='eTeks#lightSource' name='白色光源' creator='eTeks' model='89' x='574.06226' y='331.11374' elevation='220.0' width='10.0' depth='10.0' height='10.0' modelSize='1286' horizontallyRotatable='false' deformable='false' texturable='false'/>
  <light level='level-bccb3175-5ca5-431c-b6d3-a0c55325a85f' catalogId='eTeks#lightSource' name='白色光源' creator='eTeks' model='89' x='1097.1636' y='401.53116' elevation='220.0' width='10.0' depth='10.0' height='10.0' modelSize='1286' horizontallyRotatable='false' deformable='false' texturable='false'/>
  <wall id='wall-453ccd2f-1ffa-461f-aaeb-62f89ba3b3b4' level='level-bccb3175-5ca5-431c-b6d3-a0c55325a85f' wallAtStart='wall-4b963a6c-8952-4e6f-b2c7-54db2468082c' wallAtEnd='wall-193c8db6-a665-4123-94b3-70ffb90b31db' xStart='1189.9036' yStart='918.22406' xEnd='497.90356' yEnd='918.22406' height='250.0' thickness='14.0' pattern='hatchUp'/>
  <wall id='wall-ad2acab4-7a7f-453e-90a4-ce278c229700' level='level-bccb3175-5ca5-431c-b6d3-a0c55325a85f' wallAtStart='wall-c7f3f01b-2a2b-4125-b07b-e43cb78a218e' wallAtEnd='wall-2f91a1ff-3ad1-4519-a02b-926b41f5a087' xStart='497.90356' yStart='862.22406' xEnd='468.20508' yEnd='832.5256' height='250.0' thickness='14.0' pattern='hatchUp' rightSideShininess='0.25'/>
  <wall id='wall-2f91a1ff-3ad1-4519-a02b-926b41f5a087' level='level-bccb3175-5ca5-431c-b6d3-a0c55325a85f' wallAtStart='wall-ad2acab4-7a7f-453e-90a4-ce278c229700' wallAtEnd='wall-858ee494-238b-402b-9f54-0701fabd9a47' xStart='468.20508' yStart='832.5256' xEnd='468.20508' yEnd='688.5256' height='250.0' thickness='14.0' pattern='hatchUp' rightSideShininess='0.25'/>
  <wall id='wall-858ee494-238b-402b-9f54-0701fabd9a47' level='level-bccb3175-5ca5-431c-b6d3-a0c55325a85f' wallAtStart='wall-2f91a1ff-3ad1-4519-a02b-926b41f5a087' wallAtEnd='wall-8dbf979d-6f8b-4e93-b60b-a366ed088373' xStart='468.20508' yStart='688.5256' xEnd='504.97464' yEnd='651.75604' height='250.0' thickness='14.0' pattern='hatchUp' rightSideShininess='0.25'/>
  <wall id='wall-8dbf979d-6f8b-4e93-b60b-a366ed088373' level='level-bccb3175-5ca5-431c-b6d3-a0c55325a85f' wallAtStart='wall-858ee494-238b-402b-9f54-0701fabd9a47' wallAtEnd='wall-8ffdea70-edf1-4585-94a9-9c3f2fc65c84' xStart='504.97464' yStart='651.75604' xEnd='504.97464' yEnd='591.75604' height='250.0' thickness='14.0' pattern='hatchUp'/>
  <wall id='wall-8ffdea70-edf1-4585-94a9-9c3f2fc65c84' level='level-bccb3175-5ca5-431c-b6d3-a0c55325a85f' wallAtStart='wall-8dbf979d-6f8b-4e93-b60b-a366ed088373' xStart='504.97464' yStart='591.75604' xEnd='504.9746' yEnd='121.22406' height='250.0' thickness='14.0' pattern='hatchUp' rightSideColor='FFC9C1B6'/>
  <wall id='wall-ab30b414-b721-4408-8198-bb5c41632ccb' level='level-bccb3175-5ca5-431c-b6d3-a0c55325a85f' wallAtEnd='wall-cc8fae20-57a2-4766-b1ca-a40432cee878' xStart='504.97464' yStart='130.41644' xEnd='592.9746' yEnd='130.41644' height='250.0' thickness='14.0' pattern='hatchUp' leftSideColor='FFC9C1B6' leftSideShininess='0.25' rightSideColor='FFC9C1B6' rightSideShininess='0.25'/>
  <wall id='wall-cc8fae20-57a2-4766-b1ca-a40432cee878' level='level-bccb3175-5ca5-431c-b6d3-a0c55325a85f' wallAtStart='wall-ab30b414-b721-4408-8198-bb5c41632ccb' xStart='592.9746' yStart='130.41644' xEnd='592.9746' yEnd='220.41644' height='250.0' thickness='14.0' pattern='hatchUp' leftSideColor='FFC9C1B6' leftSideShininess='0.25' rightSideColor='FFC9C1B6' rightSideShininess='0.25'/>
  <wall id='wall-1913bab5-5f38-4129-88f3-bdad68bb6149' level='level-bccb3175-5ca5-431c-b6d3-a0c55325a85f' wallAtEnd='wall-8ad9298a-15e8-4f11-a805-aa6bdeeb74fd' xStart='592.9746' yStart='212.37576' xEnd='504.97464' yEnd='212.37575' height='250.0' thickness='14.0' pattern='hatchUp' leftSideColor='FFC9C1B6' leftSideShininess='0.25'/>
  <wall id='wall-8ad9298a-15e8-4f11-a805-aa6bdeeb74fd' level='level-bccb3175-5ca5-431c-b6d3-a0c55325a85f' wallAtStart='wall-1913bab5-5f38-4129-88f3-bdad68bb6149' wallAtEnd='wall-e3cb8c69-3e0b-4f06-a402-582f2cccba64' xStart='504.97464' yStart='212.37575' xEnd='504.97464' yEnd='141.37575' height='250.0' thickness='14.0' pattern='hatchUp'/>
  <wall id='wall-e3cb8c69-3e0b-4f06-a402-582f2cccba64' level='level-bccb3175-5ca5-431c-b6d3-a0c55325a85f' wallAtStart='wall-8ad9298a-15e8-4f11-a805-aa6bdeeb74fd' wallAtEnd='wall-7938521b-856e-4d0e-ad10-d03ecca3ea2a' xStart='504.97464' yStart='141.37575' xEnd='584.9746' yEnd='141.37575' height='250.0' thickness='14.0' pattern='hatchUp'/>
  <wall id='wall-7938521b-856e-4d0e-ad10-d03ecca3ea2a' level='level-bccb3175-5ca5-431c-b6d3-a0c55325a85f' wallAtStart='wall-e3cb8c69-3e0b-4f06-a402-582f2cccba64' wallAtEnd='wall-0332ce5d-6b1e-40e4-ba62-d6b44ba04946' xStart='584.9746' yStart='141.37575' xEnd='584.9746' yEnd='200.37575' height='250.0' thickness='14.0' pattern='hatchUp'/>
  <wall id='wall-0332ce5d-6b1e-40e4-ba62-d6b44ba04946' level='level-bccb3175-5ca5-431c-b6d3-a0c55325a85f' wallAtStart='wall-7938521b-856e-4d0e-ad10-d03ecca3ea2a' wallAtEnd='wall-514d042f-eb14-4c96-a707-8d12183e28f4' xStart='584.9746' yStart='200.37575' xEnd='511.9746' yEnd='200.37575' height='250.0' thickness='14.0' pattern='hatchUp'/>
  <wall id='wall-514d042f-eb14-4c96-a707-8d12183e28f4' level='level-bccb3175-5ca5-431c-b6d3-a0c55325a85f' wallAtStart='wall-0332ce5d-6b1e-40e4-ba62-d6b44ba04946' wallAtEnd='wall-f7cf7619-145b-4cc4-b064-88b6263971c8' xStart='511.9746' yStart='200.37575' xEnd='511.9746' yEnd='148.37575' height='250.0' thickness='14.0' pattern='hatchUp'/>
  <wall id='wall-f7cf7619-145b-4cc4-b064-88b6263971c8' level='level-bccb3175-5ca5-431c-b6d3-a0c55325a85f' wallAtStart='wall-514d042f-eb14-4c96-a707-8d12183e28f4' wallAtEnd='wall-7a3d1dd0-1c14-462e-88ea-29b0193de055' xStart='511.9746' yStart='148.37575' xEnd='575.9746' yEnd='148.37575' height='250.0' thickness='14.0' pattern='hatchUp'/>
  <wall id='wall-7a3d1dd0-1c14-462e-88ea-29b0193de055' level='level-bccb3175-5ca5-431c-b6d3-a0c55325a85f' wallAtStart='wall-f7cf7619-145b-4cc4-b064-88b6263971c8' wallAtEnd='wall-099f8842-6a9a-4025-9500-f54b20db9294' xStart='575.9746' yStart='148.37575' xEnd='575.9746' yEnd='188.37575' height='250.0' thickness='14.0' pattern='hatchUp'/>
  <wall id='wall-099f8842-6a9a-4025-9500-f54b20db9294' level='level-bccb3175-5ca5-431c-b6d3-a0c55325a85f' wallAtStart='wall-7a3d1dd0-1c14-462e-88ea-29b0193de055' wallAtEnd='wall-924b3eba-0bcd-49dd-a6d3-a21bd08f1844' xStart='575.9746' yStart='188.37575' xEnd='525.9746' yEnd='188.37575' height='250.0' thickness='14.0' pattern='hatchUp'/>
  <wall id='wall-924b3eba-0bcd-49dd-a6d3-a21bd08f1844' level='level-bccb3175-5ca5-431c-b6d3-a0c55325a85f' wallAtStart='wall-099f8842-6a9a-4025-9500-f54b20db9294' wallAtEnd='wall-37edf9c4-dda8-4865-ba01-3b681eb4c7e8' xStart='525.9746' yStart='188.37575' xEnd='521.02484' yEnd='193.3255' height='250.0' thickness='14.0' pattern='hatchUp'/>
  <wall id='wall-37edf9c4-dda8-4865-ba01-3b681eb4c7e8' level='level-bccb3175-5ca5-431c-b6d3-a0c55325a85f' wallAtStart='wall-924b3eba-0bcd-49dd-a6d3-a21bd08f1844' wallAtEnd='wall-91e829c8-6f03-49d3-987d-9a265d14c6a6' xStart='521.02484' yStart='193.3255' xEnd='521.02484' yEnd='163.3255' height='250.0' thickness='14.0' pattern='hatchUp'/>
  <wall id='wall-91e829c8-6f03-49d3-987d-9a265d14c6a6' level='level-bccb3175-5ca5-431c-b6d3-a0c55325a85f' wallAtStart='wall-37edf9c4-dda8-4865-ba01-3b681eb4c7e8' wallAtEnd='wall-75c19d61-6036-4c41-8276-94d1deaafde4' xStart='521.02484' yStart='163.3255' xEnd='575.9746' yEnd='163.3255' height='250.0' thickness='14.0' pattern='hatchUp'/>
  <wall id='wall-75c19d61-6036-4c41-8276-94d1deaafde4' level='level-bccb3175-5ca5-431c-b6d3-a0c55325a85f' wallAtStart='wall-91e829c8-6f03-49d3-987d-9a265d14c6a6' wallAtEnd='wall-a7351697-a30b-4cd0-93c7-cf460fdaacff' xStart='575.9746' yStart='163.3255' xEnd='568.90356' yEnd='156.25443' height='250.0' thickness='14.0' pattern='hatchUp'/>
  <wall id='wall-a7351697-a30b-4cd0-93c7-cf460fdaacff' level='level-bccb3175-5ca5-431c-b6d3-a0c55325a85f' wallAtStart='wall-75c19d61-6036-4c41-8276-94d1deaafde4' wallAtEnd='wall-49d7e50f-173b-428c-aea1-97f64206ab19' xStart='568.90356' yStart='156.25443' xEnd='521.02484' yEnd='156.25443' height='250.0' thickness='14.0' pattern='hatchUp'/>
  <wall id='wall-49d7e50f-173b-428c-aea1-97f64206ab19' level='level-bccb3175-5ca5-431c-b6d3-a0c55325a85f' wallAtStart='wall-a7351697-a30b-4cd0-93c7-cf460fdaacff' wallAtEnd='wall-d0738e4f-65e8-494e-b8a0-cc8029d4e179' xStart='521.02484' yStart='156.25443' xEnd='521.02484' yEnd='188.37575' height='250.0' thickness='14.0' pattern='hatchUp'/>
  <wall id='wall-d0738e4f-65e8-494e-b8a0-cc8029d4e179' level='level-bccb3175-5ca5-431c-b6d3-a0c55325a85f' wallAtStart='wall-49d7e50f-173b-428c-aea1-97f64206ab19' wallAtEnd='wall-055c7369-30ac-4e29-bf28-5b3f3d6f5368' xStart='521.02484' yStart='188.37575' xEnd='562.2503' yEnd='177.32942' height='250.0' thickness='14.0' pattern='hatchUp'/>
  <wall id='wall-055c7369-30ac-4e29-bf28-5b3f3d6f5368' level='level-bccb3175-5ca5-431c-b6d3-a0c55325a85f' wallAtStart='wall-d0738e4f-65e8-494e-b8a0-cc8029d4e179' wallAtEnd='wall-11a6a551-c61c-4a4a-9842-d2b6006c3a4f' xStart='562.2503' yStart='177.32942' xEnd='568.90356' yEnd='179.11215' height='250.0' thickness='14.0' pattern='hatchUp'/>
  <wall id='wall-11a6a551-c61c-4a4a-9842-d2b6006c3a4f' level='level-bccb3175-5ca5-431c-b6d3-a0c55325a85f' wallAtStart='wall-055c7369-30ac-4e29-bf28-5b3f3d6f5368' wallAtEnd='wall-d100a6a0-56ae-4cc0-9e26-b3fb97bd6ad1' xStart='568.90356' yStart='179.11215' xEnd='521.02484' yEnd='179.11215' height='250.0' thickness='14.0' pattern='hatchUp'/>
  <wall id='wall-d100a6a0-56ae-4cc0-9e26-b3fb97bd6ad1' level='level-bccb3175-5ca5-431c-b6d3-a0c55325a85f' wallAtStart='wall-11a6a551-c61c-4a4a-9842-d2b6006c3a4f' wallAtEnd='wall-fa31fee8-4380-41da-9689-2d815f800081' xStart='521.02484' yStart='179.11215' xEnd='526.02484' yEnd='170.4519' height='250.0' thickness='14.0' pattern='hatchUp'/>
  <wall id='wall-fa31fee8-4380-41da-9689-2d815f800081' level='level-bccb3175-5ca5-431c-b6d3-a0c55325a85f' wallAtStart='wall-d100a6a0-56ae-4cc0-9e26-b3fb97bd6ad1' xStart='526.02484' yStart='170.4519' xEnd='568.90356' yEnd='170.4519' height='250.0' thickness='14.0' pattern='hatchUp'/>
  <wall id='wall-efe69c6f-a02e-45fd-a7d0-adacfa37a04c' level='level-bccb3175-5ca5-431c-b6d3-a0c55325a85f' xStart='568.90356' yStart='170.4519' xEnd='565.53894' yEnd='183.00894' height='250.0' thickness='14.0' pattern='hatchUp'/>
  <wall id='wall-2f0d898f-1cb5-47d3-9498-628e7b263e09' level='level-bccb3175-5ca5-431c-b6d3-a0c55325a85f' xStart='504.97464' yStart='578.343' xEnd='600.9746' yEnd='578.343' height='250.0' thickness='14.0' pattern='hatchUp' leftSideColor='FFC9C1B6'/>
  <wall id='wall-23f2977c-babb-463d-86fd-4d21f69a788d' level='level-bccb3175-5ca5-431c-b6d3-a0c55325a85f' wallAtStart='wall-3b599216-773d-468c-86ba-7cf0982402d7' xStart='592.9746' yStart='578.343' xEnd='592.9746' yEnd='665.343' height='250.0' thickness='14.0' pattern='hatchUp' leftSideColor='FFFFFFFF'/>
  <wall id='wall-86d55193-d0f9-4f7c-a845-3e04dbe0c77a' level='level-bccb3175-5ca5-431c-b6d3-a0c55325a85f' wallAtEnd='wall-606fed47-0b6d-4b9f-84fc-f71781e8e58b' xStart='592.9746' yStart='657.2505' xEnd='511.9746' yEnd='657.2505' height='250.0' thickness='14.0' pattern='hatchUp' leftSideShininess='0.25'/>
  <wall id='wall-606fed47-0b6d-4b9f-84fc-f71781e8e58b' level='level-bccb3175-5ca5-431c-b6d3-a0c55325a85f' wallAtStart='wall-86d55193-d0f9-4f7c-a845-3e04dbe0c77a' wallAtEnd='wall-19a0d0c1-a93e-48ca-8c1e-e5f5b5d4da28' xStart='511.9746' yStart='657.2505' xEnd='511.9746' yEnd='591.75604' height='250.0' thickness='14.0' pattern='hatchUp'/>
  <wall id='wall-19a0d0c1-a93e-48ca-8c1e-e5f5b5d4da28' level='level-bccb3175-5ca5-431c-b6d3-a0c55325a85f' wallAtStart='wall-606fed47-0b6d-4b9f-84fc-f71781e8e58b' wallAtEnd='wall-b4d8ed8c-66c9-45f1-80df-a9d04cf5415f' xStart='511.9746' yStart='591.75604' xEnd='584.9746' yEnd='591.75604' height='250.0' thickness='14.0' pattern='hatchUp'/>
  <wall id='wall-b4d8ed8c-66c9-45f1-80df-a9d04cf5415f' level='level-bccb3175-5ca5-431c-b6d3-a0c55325a85f' wallAtStart='wall-19a0d0c1-a93e-48ca-8c1e-e5f5b5d4da28' wallAtEnd='wall-bebcbaba-8426-4fe1-a744-1ec68a530c67' xStart='584.9746' yStart='591.75604' xEnd='584.9746' yEnd='651.75604' height='250.0' thickness='14.0' pattern='hatchUp'/>
  <wall id='wall-bebcbaba-8426-4fe1-a744-1ec68a530c67' level='level-bccb3175-5ca5-431c-b6d3-a0c55325a85f' wallAtStart='wall-b4d8ed8c-66c9-45f1-80df-a9d04cf5415f' xStart='584.9746' yStart='651.75604' xEnd='521.02484' yEnd='651.75604' height='250.0' thickness='14.0' pattern='hatchUp'/>
  <wall id='wall-0ce2a936-99e0-4e32-aa76-4136d66b5435' level='level-bccb3175-5ca5-431c-b6d3-a0c55325a85f' wallAtEnd='wall-d80c414a-febf-443c-a59e-cf66602ee8dd' xStart='521.02484' yStart='640.9248' xEnd='521.02484' yEnd='591.75604' height='250.0' thickness='14.0' pattern='hatchUp'/>
  <wall id='wall-d80c414a-febf-443c-a59e-cf66602ee8dd' level='level-bccb3175-5ca5-431c-b6d3-a0c55325a85f' wallAtStart='wall-0ce2a936-99e0-4e32-aa76-4136d66b5435' wallAtEnd='wall-0e96a2d3-d001-4f05-9c08-79f879290693' xStart='521.02484' yStart='591.75604' xEnd='521.02484' yEnd='651.75604' height='250.0' thickness='14.0' pattern='hatchUp'/>
  <wall id='wall-0e96a2d3-d001-4f05-9c08-79f879290693' level='level-bccb3175-5ca5-431c-b6d3-a0c55325a85f' wallAtStart='wall-d80c414a-febf-443c-a59e-cf66602ee8dd' wallAtEnd='wall-41ac3458-c48e-4698-95c4-4e8914971a84' xStart='521.02484' yStart='651.75604' xEnd='584.9746' yEnd='651.75604' height='250.0' thickness='14.0' pattern='hatchUp'/>
  <wall id='wall-41ac3458-c48e-4698-95c4-4e8914971a84' level='level-bccb3175-5ca5-431c-b6d3-a0c55325a85f' wallAtStart='wall-0e96a2d3-d001-4f05-9c08-79f879290693' wallAtEnd='wall-38f958f3-fcfd-479d-80be-cab87e38add7' xStart='584.9746' yStart='651.75604' xEnd='574.1434' yEnd='640.9248' height='250.0' thickness='14.0' pattern='hatchUp'/>
  <wall id='wall-38f958f3-fcfd-479d-80be-cab87e38add7' level='level-bccb3175-5ca5-431c-b6d3-a0c55325a85f' wallAtStart='wall-41ac3458-c48e-4698-95c4-4e8914971a84' xStart='574.1434' yStart='640.9248' xEnd='574.1434' yEnd='591.75604' height='250.0' thickness='14.0' pattern='hatchUp'/>
  <wall id='wall-e70dceaa-a81e-4ac2-b650-2bfcb6ce3fe3' level='level-bccb3175-5ca5-431c-b6d3-a0c55325a85f' xStart='568.90356' yStart='640.9248' xEnd='568.90356' yEnd='591.75604' height='250.0' thickness='14.0' pattern='hatchUp'/>
  <wall id='wall-cc530fcb-ca0f-4f2e-8c00-435bd5a5b815' level='level-bccb3175-5ca5-431c-b6d3-a0c55325a85f' xStart='562.2503' yStart='651.75604' xEnd='562.2503' yEnd='591.75604' height='250.0' thickness='14.0' pattern='hatchUp'/>
  <wall id='wall-32a04ac1-82b6-4be8-9346-27b82eeceb6b' level='level-bccb3175-5ca5-431c-b6d3-a0c55325a85f' wallAtStart='wall-fe61b788-6cc3-4a84-897a-3fc39f297ebf' xStart='551.8417' yStart='651.75604' xEnd='551.8417' yEnd='591.75604' height='250.0' thickness='14.0' pattern='hatchUp'/>
  <wall id='wall-6ee20e53-d2ed-4d6e-b16e-b186c22047a5' level='level-bccb3175-5ca5-431c-b6d3-a0c55325a85f' wallAtStart='wall-5584834f-d4c3-43bd-a006-774135a0403d' xStart='535.516' yStart='651.75604' xEnd='535.516' yEnd='591.75604' height='250.0' thickness='14.0' pattern='hatchUp'/>
  <wall id='wall-5584834f-d4c3-43bd-a006-774135a0403d' level='level-bccb3175-5ca5-431c-b6d3-a0c55325a85f' wallAtStart='wall-6ee20e53-d2ed-4d6e-b16e-b186c22047a5' xStart='535.516' yStart='651.75604' xEnd='521.02484' yEnd='597.6743' height='250.0' thickness='14.0' pattern='hatchUp'/>
  <wall id='wall-fe61b788-6cc3-4a84-897a-3fc39f297ebf' level='level-bccb3175-5ca5-431c-b6d3-a0c55325a85f' wallAtStart='wall-32a04ac1-82b6-4be8-9346-27b82eeceb6b' xStart='551.8417' yStart='651.75604' xEnd='551.8417' yEnd='597.6743' height='250.0' thickness='14.0' pattern='hatchUp'/>
  <wall id='wall-66f10f84-9cd4-49d1-b97c-536e1f9cab76' level='level-bccb3175-5ca5-431c-b6d3-a0c55325a85f' xStart='542.31836' yStart='651.75604' xEnd='542.31836' yEnd='597.6743' height='250.0' thickness='14.0' pattern='hatchUp'/>
  <wall id='wall-ccca292f-4f18-453b-b96c-8185380fc241' level='level-bccb3175-5ca5-431c-b6d3-a0c55325a85f' wallAtStart='wall-e1562056-c333-4d32-a7b9-e08339e53db6' xStart='787.2035' yStart='130.41644' xEnd='787.2035' yEnd='511.41644' height='250.0' thickness='14.0' pattern='hatchUp'/>
  <wall id='wall-58565809-f4d4-4c0d-b80c-36d77a9fae33' level='level-bccb3175-5ca5-431c-b6d3-a0c55325a85f' xStart='778.7183' yStart='141.37575' xEnd='778.7183' yEnd='511.41644' height='250.0' thickness='14.0' pattern='hatchUp' rightSideColor='FFC9C1B6' rightSideShininess='0.25'/>
  <wall id='wall-cb83b482-baf9-417c-bee8-ea9187fd1bf5' level='level-bccb3175-5ca5-431c-b6d3-a0c55325a85f' xStart='1014.4026' yStart='130.41644' xEnd='1014.4026' yEnd='275.41644' height='250.0' thickness='14.0' pattern='hatchUp'/>
  <wall id='wall-9ef5ebb9-6d6b-44be-a495-edc274f5396a' level='level-bccb3175-5ca5-431c-b6d3-a0c55325a85f' xStart='1014.4026' yStart='268.15515' xEnd='1068.4026' yEnd='268.15515' height='250.0' thickness='14.0' pattern='hatchUp'/>
  <wall id='wall-e8dd0ef6-7654-4190-9173-31985578615d' level='level-bccb3175-5ca5-431c-b6d3-a0c55325a85f' xStart='1062.019' yStart='268.15515' xEnd='1062.019' yEnd='141.37575' height='250.0' thickness='14.0' pattern='hatchUp'/>
  <wall id='wall-f67e1936-c330-496c-b7fc-ba9f258826d9' level='level-bccb3175-5ca5-431c-b6d3-a0c55325a85f' xStart='1041.6119' yStart='130.41644' xEnd='1041.6119' yEnd='268.15515' height='250.0' thickness='14.0' pattern='hatchUp'/>
  <wall id='wall-dc415519-0a1f-445d-87e3-3143a6c821a9' level='level-bccb3175-5ca5-431c-b6d3-a0c55325a85f' wallAtEnd='wall-ac1ef90b-97c6-4707-ba8a-685961856242' xStart='1025.2863' yStart='261.35278' xEnd='1025.2863' yEnd='141.37575' height='250.0' thickness='14.0' pattern='hatchUp'/>
  <wall id='wall-ac1ef90b-97c6-4707-ba8a-685961856242' level='level-bccb3175-5ca5-431c-b6d3-a0c55325a85f' wallAtStart='wall-dc415519-0a1f-445d-87e3-3143a6c821a9' wallAtEnd='wall-fcc1c5c7-f14a-47c4-ad62-7b2cb20c95c3' xStart='1025.2863' yStart='141.37575' xEnd='1025.2863' yEnd='258.37573' height='250.0' thickness='14.0' pattern='hatchUp'/>
  <wall id='wall-fcc1c5c7-f14a-47c4-ad62-7b2cb20c95c3' level='level-bccb3175-5ca5-431c-b6d3-a0c55325a85f' wallAtStart='wall-ac1ef90b-97c6-4707-ba8a-685961856242' wallAtEnd='wall-a9f71709-313c-4ef8-90eb-0052d3b3b15a' xStart='1025.2863' yStart='258.37573' xEnd='1030.4426' yEnd='261.35278' height='250.0' thickness='14.0' pattern='hatchUp'/>
  <wall id='wall-a9f71709-313c-4ef8-90eb-0052d3b3b15a' level='level-bccb3175-5ca5-431c-b6d3-a0c55325a85f' wallAtStart='wall-fcc1c5c7-f14a-47c4-ad62-7b2cb20c95c3' xStart='1030.4426' yStart='261.35278' xEnd='1030.4426' yEnd='141.37575' height='250.0' thickness='14.0' pattern='hatchUp'/>
  <wall id='wall-be1d04d5-15ea-4a1d-a054-97c40a8f17e5' level='level-bccb3175-5ca5-431c-b6d3-a0c55325a85f' xStart='1048.4143' yStart='130.41644' xEnd='1048.4143' yEnd='261.35278' height='250.0' thickness='14.0' pattern='hatchUp'/>
  <wall id='wall-00c6aed5-f60e-4042-8a6f-bf52de1e5730' level='level-bccb3175-5ca5-431c-b6d3-a0c55325a85f' xStart='1030.4426' yStart='156.25443' xEnd='1030.4426' yEnd='130.41644' height='250.0' thickness='14.0' pattern='hatchUp'/>
  <wall id='wall-d654dc03-9730-403c-b7c3-09ed2cc9cb57' level='level-bccb3175-5ca5-431c-b6d3-a0c55325a85f' xStart='1062.019' yStart='130.41644' xEnd='1062.019' yEnd='170.4519' height='250.0' thickness='14.0' pattern='hatchUp'/>
  <wall id='wall-3b599216-773d-468c-86ba-7cf0982402d7' level='level-bccb3175-5ca5-431c-b6d3-a0c55325a85f' wallAtStart='wall-23f2977c-babb-463d-86fd-4d21f69a788d' xStart='592.9746' yStart='578.343' xEnd='794.9746' yEnd='578.343' height='250.0' thickness='14.0' pattern='hatchUp' leftSideColor='FFC9C1B6' rightSideShininess='0.25'>
    <texture attribute='rightSideTexture' name='大理石' width='80.0' height='80.0' image='93'/>
  </wall>
  <wall id='wall-eb2d3283-1b13-4730-8151-02d7ab8dc349' level='level-bccb3175-5ca5-431c-b6d3-a0c55325a85f' xStart='497.90356' yStart='869.4843' xEnd='600.9746' yEnd='869.4843' height='250.0' thickness='14.0' pattern='hatchUp' leftSideShininess='0.25'/>
  <wall id='wall-365f7b4d-b423-4c57-83ea-17d0b984097a' level='level-bccb3175-5ca5-431c-b6d3-a0c55325a85f' wallAtEnd='wall-a8d630c3-5d1e-498a-a1a8-1559d65aff9d' xStart='592.9746' yStart='869.4843' xEnd='592.9746' yEnd='910.4843' height='250.0' thickness='14.0' pattern='hatchUp'/>
  <wall id='wall-a8d630c3-5d1e-498a-a1a8-1559d65aff9d' level='level-bccb3175-5ca5-431c-b6d3-a0c55325a85f' wallAtStart='wall-365f7b4d-b423-4c57-83ea-17d0b984097a' wallAtEnd='wall-c3b62fd0-9e25-47a5-b28b-90f93d3a3e6d' xStart='592.9746' yStart='910.4843' xEnd='497.90356' yEnd='910.4843' height='250.0' thickness='14.0' pattern='hatchUp'/>
  <wall id='wall-c3b62fd0-9e25-47a5-b28b-90f93d3a3e6d' level='level-bccb3175-5ca5-431c-b6d3-a0c55325a85f' wallAtStart='wall-a8d630c3-5d1e-498a-a1a8-1559d65aff9d' wallAtEnd='wall-160e29b1-bdbe-4622-b7bb-4488d56864a4' xStart='497.90356' yStart='910.4843' xEnd='497.90356' yEnd='879.4843' height='250.0' thickness='14.0' pattern='hatchUp'/>
  <wall id='wall-160e29b1-bdbe-4622-b7bb-4488d56864a4' level='level-bccb3175-5ca5-431c-b6d3-a0c55325a85f' wallAtStart='wall-c3b62fd0-9e25-47a5-b28b-90f93d3a3e6d' wallAtEnd='wall-a2fc96c5-eecf-486f-9ed9-d237b13705c2' xStart='497.90356' yStart='879.4843' xEnd='584.9746' yEnd='879.4843' height='250.0' thickness='14.0' pattern='hatchUp'/>
  <wall id='wall-a2fc96c5-eecf-486f-9ed9-d237b13705c2' level='level-bccb3175-5ca5-431c-b6d3-a0c55325a85f' wallAtStart='wall-160e29b1-bdbe-4622-b7bb-4488d56864a4' wallAtEnd='wall-bffbea85-3953-4a8b-9cc7-e53ba7f6d98c' xStart='584.9746' yStart='879.4843' xEnd='584.9746' yEnd='902.4843' height='250.0' thickness='14.0' pattern='hatchUp'/>
  <wall id='wall-bffbea85-3953-4a8b-9cc7-e53ba7f6d98c' level='level-bccb3175-5ca5-431c-b6d3-a0c55325a85f' wallAtStart='wall-a2fc96c5-eecf-486f-9ed9-d237b13705c2' wallAtEnd='wall-c13e5cb3-1fbd-4390-a105-805f84e52290' xStart='584.9746' yStart='902.4843' xEnd='511.9746' yEnd='902.4843' height='250.0' thickness='14.0' pattern='hatchUp'/>
  <wall id='wall-c13e5cb3-1fbd-4390-a105-805f84e52290' level='level-bccb3175-5ca5-431c-b6d3-a0c55325a85f' wallAtStart='wall-bffbea85-3953-4a8b-9cc7-e53ba7f6d98c' wallAtEnd='wall-2b9255b8-281a-46da-86be-7427e9201ec2' xStart='511.9746' yStart='902.4843' xEnd='511.9746' yEnd='888.4843' height='250.0' thickness='14.0' pattern='hatchUp'/>
  <wall id='wall-2b9255b8-281a-46da-86be-7427e9201ec2' level='level-bccb3175-5ca5-431c-b6d3-a0c55325a85f' wallAtStart='wall-c13e5cb3-1fbd-4390-a105-805f84e52290' wallAtEnd='wall-e9504f80-d22a-43e9-9a83-54c33d5b5bce' xStart='511.9746' yStart='888.4843' xEnd='568.90356' yEnd='888.4843' height='250.0' thickness='14.0' pattern='hatchUp'/>
  <wall id='wall-e9504f80-d22a-43e9-9a83-54c33d5b5bce' level='level-bccb3175-5ca5-431c-b6d3-a0c55325a85f' wallAtStart='wall-2b9255b8-281a-46da-86be-7427e9201ec2' wallAtEnd='wall-adee53fd-e237-43d7-a23e-53a6cd83de3a' xStart='568.90356' yStart='888.4843' xEnd='574.1434' yEnd='888.4843' height='250.0' thickness='14.0' pattern='hatchUp'/>
  <wall id='wall-adee53fd-e237-43d7-a23e-53a6cd83de3a' level='level-bccb3175-5ca5-431c-b6d3-a0c55325a85f' wallAtStart='wall-e9504f80-d22a-43e9-9a83-54c33d5b5bce' wallAtEnd='wall-8a5a27a8-51c5-425e-ade2-3f9162ac018b' xStart='574.1434' yStart='888.4843' xEnd='575.9551' yEnd='895.2458' height='250.0' thickness='14.0' pattern='hatchUp'/>
  <wall id='wall-8a5a27a8-51c5-425e-ade2-3f9162ac018b' level='level-bccb3175-5ca5-431c-b6d3-a0c55325a85f' wallAtStart='wall-adee53fd-e237-43d7-a23e-53a6cd83de3a' wallAtEnd='wall-fd4a4e3e-2b22-444c-8fb6-8df0074b59af' xStart='575.9551' yStart='895.2458' xEnd='568.90356' yEnd='897.13525' height='250.0' thickness='14.0' pattern='hatchUp'/>
  <wall id='wall-fd4a4e3e-2b22-444c-8fb6-8df0074b59af' level='level-bccb3175-5ca5-431c-b6d3-a0c55325a85f' wallAtStart='wall-8a5a27a8-51c5-425e-ade2-3f9162ac018b' xStart='568.90356' yStart='897.13525' xEnd='497.90356' yEnd='897.13525' height='250.0' thickness='14.0' pattern='hatchUp'/>
  <wall id='wall-0e0e8b85-710e-4eaf-8137-424d553395a2' level='level-bccb3175-5ca5-431c-b6d3-a0c55325a85f' xStart='491.98083' yStart='895.2458' xEnd='504.97464' yEnd='891.7641' height='250.0' thickness='14.0' pattern='hatchUp'/>
  <wall id='wall-6bbd2566-cb41-4ef0-8aa6-a7f3adfe29f3' level='level-bccb3175-5ca5-431c-b6d3-a0c55325a85f' xStart='575.9551' yStart='895.2458' xEnd='511.9746' yEnd='895.2458' height='250.0' thickness='14.0' pattern='hatchUp'/>
  <wall id='wall-5f67578a-a055-4ed2-95a6-9393e599c761' level='level-bccb3175-5ca5-431c-b6d3-a0c55325a85f' xStart='592.9746' yStart='910.4843' xEnd='1181.9746' yEnd='910.4843' height='250.0' thickness='14.0' pattern='hatchUp'/>
  <wall id='wall-36a89cd8-058d-4cdd-a13e-af82315b08a1' level='level-bccb3175-5ca5-431c-b6d3-a0c55325a85f' xStart='584.9746' yStart='902.4843' xEnd='1181.9746' yEnd='902.4843' height='250.0' thickness='14.0' pattern='hatchUp'/>
  <wall id='wall-8e536b21-aa11-43d3-9b28-072cbc7848c0' level='level-bccb3175-5ca5-431c-b6d3-a0c55325a85f' xStart='787.2035' yStart='500.37573' xEnd='787.2035' yEnd='578.343' height='250.0' thickness='14.0' pattern='hatchUp'/>
  <wall id='wall-e2a480b7-c603-4b24-bed6-c9cacafcc77d' level='level-bccb3175-5ca5-431c-b6d3-a0c55325a85f' xStart='778.7183' yStart='500.37573' xEnd='778.7183' yEnd='578.343' height='250.0' thickness='14.0' pattern='hatchUp' rightSideColor='FFC9C1B6' rightSideShininess='0.25'/>
  <wall id='wall-aececf94-5b4c-45cd-9136-825a7d8c1335' level='level-bccb3175-5ca5-431c-b6d3-a0c55325a85f' xStart='972.2279' yStart='599.0348' xEnd='972.2279' yEnd='759.28595' height='250.0' thickness='14.0' pattern='hatchUp'>
    <texture attribute='leftSideTexture' name='托倫石紋磚' width='60.0' height='60.0' image='91'/>
  </wall>
  <wall id='wall-eb751a90-e05e-4b37-b98e-d9f90c048efd' level='level-bccb3175-5ca5-431c-b6d3-a0c55325a85f' xStart='965.90356' yStart='759.28595' xEnd='1189.9036' yEnd='759.28595' height='250.0' thickness='14.0' pattern='hatchUp'>
    <texture attribute='leftSideTexture' name='托倫石紋磚' width='60.0' height='60.0' image='91'/>
  </wall>
  <wall id='wall-61da48d1-dbbd-4d40-b6d6-65423e98d36c' level='level-bccb3175-5ca5-431c-b6d3-a0c55325a85f' xStart='1053.8562' yStart='268.15515' xEnd='1189.9036' yEnd='268.15515' height='250.0' thickness='14.0' pattern='hatchUp'/>
  <wall id='wall-e0fd0bff-2b27-4800-9e05-80ae8347250a' level='level-bccb3175-5ca5-431c-b6d3-a0c55325a85f' wallAtEnd='wall-9f8716d9-e9c6-4fe4-9387-d60e0391fc20' xStart='778.7183' yStart='148.37575' xEnd='778.7183' yEnd='130.41644' height='250.0' thickness='14.0' pattern='hatchUp' leftSideColor='FFC9C1B6' leftSideShininess='0.25'/>
  <wall id='wall-d0ba1ff4-f471-4d02-9a9c-a36bda68bd63' level='level-bccb3175-5ca5-431c-b6d3-a0c55325a85f' xStart='1181.9746' yStart='537.5289' xEnd='1181.9746' yEnd='585.5289' height='250.0' thickness='14.0' pattern='hatchUp'/>
  <wall id='wall-86c0eb17-0e63-4108-97b9-61ee9448aa7f' level='level-bccb3175-5ca5-431c-b6d3-a0c55325a85f' xStart='1181.9746' yStart='537.5289' xEnd='1181.9746' yEnd='560.65686' height='250.0' thickness='14.0' pattern='hatchUp'/>
  <wall id='wall-8369b85c-7f6d-4d44-b064-fceb60451b38' level='level-bccb3175-5ca5-431c-b6d3-a0c55325a85f' xStart='1189.9036' yStart='591.75604' xEnd='965.90356' yEnd='591.75604' height='250.0' thickness='14.0' pattern='hatchUp'>
    <texture attribute='leftSideTexture' name='托倫石紋磚' width='60.0' height='60.0' image='91'/>
  </wall>
  <wall id='wall-190ec63f-8a65-4139-924d-ccb653b66118' level='level-bccb3175-5ca5-431c-b6d3-a0c55325a85f' xStart='1189.9036' yStart='526.6451' xEnd='1141.9036' yEnd='526.6451' height='250.0' thickness='14.0' pattern='hatchUp'/>
  <wall id='wall-b7ec6570-7ce5-43e8-8460-3b9997ff91a2' level='level-bccb3175-5ca5-431c-b6d3-a0c55325a85f' xStart='1149.0894' yStart='526.6451' xEnd='1149.0894' yEnd='591.75604' height='250.0' thickness='14.0' pattern='hatchUp'/>
  <wall id='wall-417c9e2c-4184-47e6-8d23-824fa98aaad5' level='level-bccb3175-5ca5-431c-b6d3-a0c55325a85f' wallAtEnd='wall-aa8d70f6-25ca-45f6-8bff-23099c10264f' xStart='1165.415' yStart='537.5289' xEnd='1165.415' yEnd='593.5289' height='250.0' thickness='14.0' pattern='hatchUp'/>
  <wall id='wall-aa8d70f6-25ca-45f6-8bff-23099c10264f' level='level-bccb3175-5ca5-431c-b6d3-a0c55325a85f' wallAtStart='wall-417c9e2c-4184-47e6-8d23-824fa98aaad5' wallAtEnd='wall-c2405ce2-b011-4cde-ade7-64594c52e830' xStart='1165.415' yStart='593.5289' xEnd='1165.415' yEnd='526.6451' height='250.0' thickness='14.0' pattern='hatchUp'/>
  <wall id='wall-ac0c1118-60a5-4bff-9f88-20816fcc1a02' level='level-bccb3175-5ca5-431c-b6d3-a0c55325a85f' wallAtEnd='wall-03eeed7c-8a16-4fc0-a77e-25eaadc48e2f' xStart='1181.9746' yStart='526.6451' xEnd='1181.9746' yEnd='591.75604' height='250.0' thickness='14.0' pattern='hatchUp'/>
  <wall id='wall-03eeed7c-8a16-4fc0-a77e-25eaadc48e2f' level='level-bccb3175-5ca5-431c-b6d3-a0c55325a85f' wallAtStart='wall-ac0c1118-60a5-4bff-9f88-20816fcc1a02' xStart='1181.9746' yStart='591.75604' xEnd='1181.9746' yEnd='526.6451' height='250.0' thickness='14.0' pattern='hatchUp'/>
  <wall id='wall-6c11162d-0817-45e4-b134-5b4f5a6d36ab' level='level-bccb3175-5ca5-431c-b6d3-a0c55325a85f' wallAtEnd='wall-97340526-1cc1-43c4-bc41-159087cc723e' xStart='1157.2522' yStart='537.5289' xEnd='1157.2522' yEnd='585.5289' height='250.0' thickness='14.0' pattern='hatchUp'/>
  <wall id='wall-97340526-1cc1-43c4-bc41-159087cc723e' level='level-bccb3175-5ca5-431c-b6d3-a0c55325a85f' wallAtStart='wall-6c11162d-0817-45e4-b134-5b4f5a6d36ab' xStart='1157.2522' yStart='585.5289' xEnd='1157.2522' yEnd='537.5289' height='250.0' thickness='14.0' pattern='hatchUp'/>
  <wall id='wall-2f2ed4c6-fd17-445f-9ae4-3bf833357ac7' level='level-bccb3175-5ca5-431c-b6d3-a0c55325a85f' xStart='1170.8569' yStart='532.087' xEnd='1170.8569' yEnd='585.5289' height='250.0' thickness='14.0' pattern='hatchUp'/>
  <wall id='wall-c2405ce2-b011-4cde-ade7-64594c52e830' level='level-bccb3175-5ca5-431c-b6d3-a0c55325a85f' wallAtStart='wall-aa8d70f6-25ca-45f6-8bff-23099c10264f' xStart='1165.415' yStart='526.6451' xEnd='1157.2522' yEnd='557.1092' height='250.0' thickness='14.0' pattern='hatchUp'/>
  <wall id='wall-4b963a6c-8952-4e6f-b2c7-54db2468082c' level='level-bccb3175-5ca5-431c-b6d3-a0c55325a85f' wallAtStart='wall-453ccd2f-1ffa-461f-aaeb-62f89ba3b3b4' wallAtEnd='wall-9bd43766-3ec1-4682-be01-1b933d953f25' xStart='1189.9036' yStart='918.22406' xEnd='1189.9036' yEnd='759.28595' height='250.0' thickness='14.0' pattern='hatchUp'/>
  <wall id='wall-9bd43766-3ec1-4682-be01-1b933d953f25' level='level-bccb3175-5ca5-431c-b6d3-a0c55325a85f' wallAtStart='wall-4b963a6c-8952-4e6f-b2c7-54db2468082c' wallAtEnd='wall-38c6670c-d0a8-46c1-8276-c63cfa86f296' xStart='1189.9036' yStart='759.28595' xEnd='1189.9036' yEnd='591.75604' height='250.0' thickness='14.0' pattern='hatchUp'>
    <texture attribute='leftSideTexture' name='托倫石紋磚' width='60.0' height='60.0' image='91'/>
  </wall>
  <wall id='wall-38c6670c-d0a8-46c1-8276-c63cfa86f296' level='level-bccb3175-5ca5-431c-b6d3-a0c55325a85f' wallAtStart='wall-9bd43766-3ec1-4682-be01-1b933d953f25' xStart='1189.9036' yStart='591.75604' xEnd='1189.9036' yEnd='121.22406' height='250.0' thickness='14.0' pattern='hatchUp'/>
  <wall id='wall-57dcec43-7462-49b5-86c4-a9d376614f33' level='level-bccb3175-5ca5-431c-b6d3-a0c55325a85f' wallAtEnd='wall-790032da-df79-4b46-88d6-5d470e858d62' xStart='787.2035' yStart='493.9937' xEnd='1005.2035' yEnd='493.9937' height='250.0' thickness='10.0' pattern='hatchUp'/>
  <wall id='wall-790032da-df79-4b46-88d6-5d470e858d62' level='level-bccb3175-5ca5-431c-b6d3-a0c55325a85f' wallAtStart='wall-57dcec43-7462-49b5-86c4-a9d376614f33' xStart='1005.2035' yStart='493.9937' xEnd='1005.2035' yEnd='130.41644' height='250.0' thickness='10.0' pattern='hatchUp'/>
  <wall id='wall-193c8db6-a665-4123-94b3-70ffb90b31db' level='level-bccb3175-5ca5-431c-b6d3-a0c55325a85f' wallAtStart='wall-453ccd2f-1ffa-461f-aaeb-62f89ba3b3b4' wallAtEnd='wall-c7f3f01b-2a2b-4125-b07b-e43cb78a218e' xStart='497.90356' yStart='918.22406' xEnd='497.90356' yEnd='869.4843' height='250.0' thickness='14.0' pattern='hatchUp'/>
  <wall id='wall-c7f3f01b-2a2b-4125-b07b-e43cb78a218e' level='level-bccb3175-5ca5-431c-b6d3-a0c55325a85f' wallAtStart='wall-193c8db6-a665-4123-94b3-70ffb90b31db' wallAtEnd='wall-ad2acab4-7a7f-453e-90a4-ce278c229700' xStart='497.90356' yStart='869.4843' xEnd='497.90356' yEnd='862.22406' height='250.0' thickness='14.0' pattern='hatchUp' rightSideShininess='0.25'/>
  <wall id='wall-f77bb080-6db7-4bc7-b76d-e66495ad93a7' level='level-bccb3175-5ca5-431c-b6d3-a0c55325a85f' wallAtEnd='wall-40c78143-a282-43f2-b912-53513a2f9d08' xStart='504.97464' yStart='668.77106' xEnd='592.9746' yEnd='668.77106' height='45.0' thickness='14.0' pattern='background' leftSideShininess='0.25' rightSideShininess='0.25'>
    <texture attribute='leftSideTexture' name='木紋-淺色' width='20.0' height='20.0' image='69'/>
    <texture attribute='rightSideTexture' name='木紋-淺色' width='20.0' height='20.0' image='69'/>
  </wall>
  <wall id='wall-40c78143-a282-43f2-b912-53513a2f9d08' level='level-bccb3175-5ca5-431c-b6d3-a0c55325a85f' wallAtStart='wall-f77bb080-6db7-4bc7-b76d-e66495ad93a7' wallAtEnd='wall-d0c4ba0d-2f8e-4289-8cf0-926801b58b79' xStart='592.9746' yStart='668.77106' xEnd='592.9746' yEnd='854.60803' height='45.0' thickness='14.0' pattern='background' leftSideShininess='0.25' rightSideShininess='0.25'>
    <texture attribute='leftSideTexture' name='木紋-淺色' width='20.0' height='20.0' image='69'/>
    <texture attribute='rightSideTexture' name='木紋-淺色' width='20.0' height='20.0' image='69'/>
  </wall>
  <wall id='wall-d0c4ba0d-2f8e-4289-8cf0-926801b58b79' level='level-bccb3175-5ca5-431c-b6d3-a0c55325a85f' wallAtStart='wall-40c78143-a282-43f2-b912-53513a2f9d08' wallAtEnd='wall-8b56e0fb-4d4f-4c1e-926a-ea1b18d42141' xStart='592.9746' yStart='854.60803' xEnd='511.9746' yEnd='854.60803' height='45.0' thickness='14.0' pattern='background' leftSideShininess='0.25' rightSideShininess='0.25'>
    <texture attribute='leftSideTexture' name='木紋-淺色' width='20.0' height='20.0' image='69'/>
    <texture attribute='rightSideTexture' name='木紋-淺色' width='20.0' height='20.0' image='69'/>
  </wall>
  <wall id='wall-8b56e0fb-4d4f-4c1e-926a-ea1b18d42141' level='level-bccb3175-5ca5-431c-b6d3-a0c55325a85f' wallAtStart='wall-d0c4ba0d-2f8e-4289-8cf0-926801b58b79' wallAtEnd='wall-ff54eb85-c78c-4e90-8305-a991537e334f' xStart='511.9746' yStart='854.60803' xEnd='480.8619' yEnd='823.49536' height='45.0' thickness='14.0' pattern='background' leftSideShininess='0.25' rightSideShininess='0.25'>
    <texture attribute='leftSideTexture' name='木紋-淺色' width='20.0' height='20.0' image='69'/>
    <texture attribute='rightSideTexture' name='木紋-淺色' width='20.0' height='20.0' image='69'/>
  </wall>
  <wall id='wall-ff54eb85-c78c-4e90-8305-a991537e334f' level='level-bccb3175-5ca5-431c-b6d3-a0c55325a85f' wallAtStart='wall-8b56e0fb-4d4f-4c1e-926a-ea1b18d42141' wallAtEnd='wall-d98a20ae-d0fe-4658-ad27-6397163f437e' xStart='480.8619' yStart='823.49536' xEnd='480.8619' yEnd='692.49536' height='45.0' thickness='14.0' pattern='background' leftSideShininess='0.25' rightSideShininess='0.25'>
    <texture attribute='leftSideTexture' name='木紋-淺色' width='20.0' height='20.0' image='69'/>
    <texture attribute='rightSideTexture' name='木紋-淺色' width='20.0' height='20.0' image='69'/>
  </wall>
  <wall id='wall-d98a20ae-d0fe-4658-ad27-6397163f437e' level='level-bccb3175-5ca5-431c-b6d3-a0c55325a85f' wallAtStart='wall-ff54eb85-c78c-4e90-8305-a991537e334f' wallAtEnd='wall-1f7e8829-75ef-45bc-bb34-49dc36a93d16' xStart='480.8619' yStart='692.49536' xEnd='498.68872' yEnd='676.9412' height='45.0' thickness='14.0' pattern='background' leftSideShininess='0.25' rightSideShininess='0.25'>
    <texture attribute='leftSideTexture' name='木紋-淺色' width='20.0' height='20.0' image='69'/>
    <texture attribute='rightSideTexture' name='木紋-淺色' width='20.0' height='20.0' image='69'/>
  </wall>
  <wall id='wall-10c79bad-cd56-456e-b8e3-d2d4683d97c5' level='level-bccb3175-5ca5-431c-b6d3-a0c55325a85f' xStart='504.74924' yStart='839.3656' xEnd='490.24924' yEnd='813.4933' height='45.0' thickness='14.0' pattern='background' leftSideShininess='0.25' rightSideShininess='0.25'>
    <texture attribute='leftSideTexture' name='木紋-淺色' width='20.0' height='20.0' image='69'/>
    <texture attribute='rightSideTexture' name='木紋-淺色' width='20.0' height='20.0' image='69'/>
  </wall>
  <wall id='wall-dbbf1daa-fc41-4d93-a327-f8fad6f8a835' level='level-bccb3175-5ca5-431c-b6d3-a0c55325a85f' wallAtEnd='wall-cb18d544-aaec-42c0-b5b8-bb07c352d7f7' xStart='490.24924' yStart='685.4933' xEnd='495.5013' yEnd='689.25085' height='45.0' thickness='14.0' pattern='background' leftSideShininess='0.25' rightSideShininess='0.25'>
    <texture attribute='leftSideTexture' name='木紋-淺色' width='20.0' height='20.0' image='69'/>
    <texture attribute='rightSideTexture' name='木紋-淺色' width='20.0' height='20.0' image='69'/>
  </wall>
  <wall id='wall-cb18d544-aaec-42c0-b5b8-bb07c352d7f7' level='level-bccb3175-5ca5-431c-b6d3-a0c55325a85f' wallAtStart='wall-dbbf1daa-fc41-4d93-a327-f8fad6f8a835' wallAtEnd='wall-e21356b6-985c-4719-b16c-db19b9aacdaf' xStart='495.5013' yStart='689.25085' xEnd='495.5013' yEnd='814.25085' height='45.0' thickness='14.0' pattern='background' leftSideShininess='0.25' rightSideShininess='0.25'>
    <texture attribute='leftSideTexture' name='木紋-淺色' width='20.0' height='20.0' image='69'/>
    <texture attribute='rightSideTexture' name='木紋-淺色' width='20.0' height='20.0' image='69'/>
  </wall>
  <wall id='wall-e21356b6-985c-4719-b16c-db19b9aacdaf' level='level-bccb3175-5ca5-431c-b6d3-a0c55325a85f' wallAtStart='wall-cb18d544-aaec-42c0-b5b8-bb07c352d7f7' wallAtEnd='wall-05be2a0c-b2ce-4b9c-b407-93fd6ad617c1' xStart='495.5013' yStart='814.25085' xEnd='515.00134' yEnd='847.26825' height='45.0' thickness='14.0' pattern='background' leftSideShininess='0.25' rightSideShininess='0.25'>
    <texture attribute='leftSideTexture' name='木紋-淺色' width='20.0' height='20.0' image='69'/>
    <texture attribute='rightSideTexture' name='木紋-淺色' width='20.0' height='20.0' image='69'/>
  </wall>
  <wall id='wall-05be2a0c-b2ce-4b9c-b407-93fd6ad617c1' level='level-bccb3175-5ca5-431c-b6d3-a0c55325a85f' wallAtStart='wall-e21356b6-985c-4719-b16c-db19b9aacdaf' wallAtEnd='wall-a7542a95-46b3-466d-a58b-19d29461163c' xStart='515.00134' yStart='847.26825' xEnd='584.9746' yEnd='847.26825' height='45.0' thickness='14.0' pattern='background' leftSideShininess='0.25' rightSideShininess='0.25'>
    <texture attribute='leftSideTexture' name='木紋-淺色' width='20.0' height='20.0' image='69'/>
    <texture attribute='rightSideTexture' name='木紋-淺色' width='20.0' height='20.0' image='69'/>
  </wall>
  <wall id='wall-a7542a95-46b3-466d-a58b-19d29461163c' level='level-bccb3175-5ca5-431c-b6d3-a0c55325a85f' wallAtStart='wall-05be2a0c-b2ce-4b9c-b407-93fd6ad617c1' wallAtEnd='wall-2b13493f-0504-4aab-a420-d8c7fb75de97' xStart='584.9746' yStart='847.26825' xEnd='584.9746' yEnd='673.26825' height='45.0' thickness='14.0' pattern='background' leftSideShininess='0.25' rightSideShininess='0.25'>
    <texture attribute='leftSideTexture' name='木紋-淺色' width='20.0' height='20.0' image='69'/>
    <texture attribute='rightSideTexture' name='木紋-淺色' width='20.0' height='20.0' image='69'/>
  </wall>
  <wall id='wall-2b13493f-0504-4aab-a420-d8c7fb75de97' level='level-bccb3175-5ca5-431c-b6d3-a0c55325a85f' wallAtStart='wall-a7542a95-46b3-466d-a58b-19d29461163c' wallAtEnd='wall-abff07a9-64c4-4b03-be2f-ac54d59a88f8' xStart='584.9746' yStart='673.26825' xEnd='515.00134' yEnd='673.26825' height='45.0' thickness='14.0' pattern='background' leftSideShininess='0.25' rightSideShininess='0.25'>
    <texture attribute='leftSideTexture' name='木紋-淺色' width='20.0' height='20.0' image='69'/>
    <texture attribute='rightSideTexture' name='木紋-淺色' width='20.0' height='20.0' image='69'/>
  </wall>
  <wall id='wall-abff07a9-64c4-4b03-be2f-ac54d59a88f8' level='level-bccb3175-5ca5-431c-b6d3-a0c55325a85f' wallAtStart='wall-2b13493f-0504-4aab-a420-d8c7fb75de97' wallAtEnd='wall-95df7b7c-b45c-4d2f-9cc6-0a16d05d094f' xStart='515.00134' yStart='673.26825' xEnd='515.00134' yEnd='843.26825' height='45.0' thickness='14.0' pattern='background' leftSideShininess='0.25' rightSideShininess='0.25'>
    <texture attribute='leftSideTexture' name='木紋-淺色' width='20.0' height='20.0' image='69'/>
    <texture attribute='rightSideTexture' name='木紋-淺色' width='20.0' height='20.0' image='69'/>
  </wall>
  <wall id='wall-95df7b7c-b45c-4d2f-9cc6-0a16d05d094f' level='level-bccb3175-5ca5-431c-b6d3-a0c55325a85f' wallAtStart='wall-abff07a9-64c4-4b03-be2f-ac54d59a88f8' xStart='515.00134' yStart='843.26825' xEnd='575.9551' yEnd='843.26825' height='45.0' thickness='14.0' pattern='background' leftSideShininess='0.25' rightSideShininess='0.25'>
    <texture attribute='leftSideTexture' name='木紋-淺色' width='20.0' height='20.0' image='69'/>
    <texture attribute='rightSideTexture' name='木紋-淺色' width='20.0' height='20.0' image='69'/>
  </wall>
  <wall id='wall-b89ea922-f824-4d6c-a3e0-35084dbe00f6' level='level-bccb3175-5ca5-431c-b6d3-a0c55325a85f' wallAtEnd='wall-71b88f1c-f097-4c2e-92c2-06363c33608e' xStart='575.9551' yStart='673.26825' xEnd='563.73004' yEnd='685.4933' height='45.0' thickness='14.0' pattern='background' leftSideShininess='0.25' rightSideShininess='0.25'>
    <texture attribute='leftSideTexture' name='木紋-淺色' width='20.0' height='20.0' image='69'/>
    <texture attribute='rightSideTexture' name='木紋-淺色' width='20.0' height='20.0' image='69'/>
  </wall>
  <wall id='wall-71b88f1c-f097-4c2e-92c2-06363c33608e' level='level-bccb3175-5ca5-431c-b6d3-a0c55325a85f' wallAtStart='wall-b89ea922-f824-4d6c-a3e0-35084dbe00f6' wallAtEnd='wall-d26b8ba9-a944-4f09-9fa1-d1badd98edb0' xStart='563.73004' yStart='685.4933' xEnd='563.73004' yEnd='838.60803' height='45.0' thickness='14.0' pattern='background' leftSideShininess='0.25' rightSideShininess='0.25'>
    <texture attribute='leftSideTexture' name='木紋-淺色' width='20.0' height='20.0' image='69'/>
    <texture attribute='rightSideTexture' name='木紋-淺色' width='20.0' height='20.0' image='69'/>
  </wall>
  <wall id='wall-d26b8ba9-a944-4f09-9fa1-d1badd98edb0' level='level-bccb3175-5ca5-431c-b6d3-a0c55325a85f' wallAtStart='wall-71b88f1c-f097-4c2e-92c2-06363c33608e' xStart='563.73004' yStart='838.60803' xEnd='553.1949' yEnd='832.5256' height='45.0' thickness='14.0' pattern='background' leftSideShininess='0.25' rightSideShininess='0.25'>
    <texture attribute='leftSideTexture' name='木紋-淺色' width='20.0' height='20.0' image='69'/>
    <texture attribute='rightSideTexture' name='木紋-淺色' width='20.0' height='20.0' image='69'/>
  </wall>
  <wall id='wall-e416c1f2-bf99-49ad-bbdd-7404a9994b4e' level='level-bccb3175-5ca5-431c-b6d3-a0c55325a85f' wallAtEnd='wall-4fe39cf7-9388-435a-807c-fa392c6e11b2' xStart='553.1949' yStart='673.26825' xEnd='538.34564' yEnd='688.1175' height='45.0' thickness='14.0' pattern='background' leftSideShininess='0.25' rightSideShininess='0.25'>
    <texture attribute='leftSideTexture' name='木紋-淺色' width='20.0' height='20.0' image='69'/>
    <texture attribute='rightSideTexture' name='木紋-淺色' width='20.0' height='20.0' image='69'/>
  </wall>
  <wall id='wall-4fe39cf7-9388-435a-807c-fa392c6e11b2' level='level-bccb3175-5ca5-431c-b6d3-a0c55325a85f' wallAtStart='wall-e416c1f2-bf99-49ad-bbdd-7404a9994b4e' wallAtEnd='wall-d35d189c-cddd-4655-a2c0-7b525944622e' xStart='538.34564' yStart='688.1175' xEnd='538.34564' yEnd='843.26825' height='45.0' thickness='14.0' pattern='background' leftSideShininess='0.25' rightSideShininess='0.25'>
    <texture attribute='leftSideTexture' name='木紋-淺色' width='20.0' height='20.0' image='69'/>
    <texture attribute='rightSideTexture' name='木紋-淺色' width='20.0' height='20.0' image='69'/>
  </wall>
  <wall id='wall-d35d189c-cddd-4655-a2c0-7b525944622e' level='level-bccb3175-5ca5-431c-b6d3-a0c55325a85f' wallAtStart='wall-4fe39cf7-9388-435a-807c-fa392c6e11b2' wallAtEnd='wall-863dceaf-31c1-46e8-83a4-aab03e7b06e4' xStart='538.34564' yStart='843.26825' xEnd='549.0883' yEnd='832.5256' height='45.0' thickness='14.0' pattern='background' leftSideShininess='0.25' rightSideShininess='0.25'>
    <texture attribute='leftSideTexture' name='木紋-淺色' width='20.0' height='20.0' image='69'/>
    <texture attribute='rightSideTexture' name='木紋-淺色' width='20.0' height='20.0' image='69'/>
  </wall>
  <wall id='wall-863dceaf-31c1-46e8-83a4-aab03e7b06e4' level='level-bccb3175-5ca5-431c-b6d3-a0c55325a85f' wallAtStart='wall-d35d189c-cddd-4655-a2c0-7b525944622e' wallAtEnd='wall-04dea8c9-37ea-4a2e-8a0f-734da331ea98' xStart='549.0883' yStart='832.5256' xEnd='549.0883' yEnd='685.4933' height='45.0' thickness='14.0' pattern='background' leftSideShininess='0.25' rightSideShininess='0.25'>
    <texture attribute='leftSideTexture' name='木紋-淺色' width='20.0' height='20.0' image='69'/>
    <texture attribute='rightSideTexture' name='木紋-淺色' width='20.0' height='20.0' image='69'/>
  </wall>
  <wall id='wall-04dea8c9-37ea-4a2e-8a0f-734da331ea98' level='level-bccb3175-5ca5-431c-b6d3-a0c55325a85f' wallAtStart='wall-863dceaf-31c1-46e8-83a4-aab03e7b06e4' wallAtEnd='wall-0572c0bb-2843-4e20-b110-487ccfefc9e8' xStart='549.0883' yStart='685.4933' xEnd='523.97424' yEnd='678.764' height='45.0' thickness='14.0' pattern='background' leftSideShininess='0.25' rightSideShininess='0.25'>
    <texture attribute='leftSideTexture' name='木紋-淺色' width='20.0' height='20.0' image='69'/>
    <texture attribute='rightSideTexture' name='木紋-淺色' width='20.0' height='20.0' image='69'/>
  </wall>
  <wall id='wall-0572c0bb-2843-4e20-b110-487ccfefc9e8' level='level-bccb3175-5ca5-431c-b6d3-a0c55325a85f' wallAtStart='wall-04dea8c9-37ea-4a2e-8a0f-734da331ea98' wallAtEnd='wall-70deecb8-b0d5-431b-a326-bdcfac8ef9d3' xStart='523.97424' yStart='678.764' xEnd='523.97424' yEnd='838.60803' height='45.0' thickness='14.0' pattern='background' leftSideShininess='0.25' rightSideShininess='0.25'>
    <texture attribute='leftSideTexture' name='木紋-淺色' width='20.0' height='20.0' image='69'/>
    <texture attribute='rightSideTexture' name='木紋-淺色' width='20.0' height='20.0' image='69'/>
  </wall>
  <wall id='wall-70deecb8-b0d5-431b-a326-bdcfac8ef9d3' level='level-bccb3175-5ca5-431c-b6d3-a0c55325a85f' wallAtStart='wall-0572c0bb-2843-4e20-b110-487ccfefc9e8' wallAtEnd='wall-69707231-81d4-4bad-986d-21a988197825' xStart='523.97424' yStart='838.60803' xEnd='535.516' yEnd='838.60803' height='45.0' thickness='14.0' pattern='background' leftSideShininess='0.25' rightSideShininess='0.25'>
    <texture attribute='leftSideTexture' name='木紋-淺色' width='20.0' height='20.0' image='69'/>
    <texture attribute='rightSideTexture' name='木紋-淺色' width='20.0' height='20.0' image='69'/>
  </wall>
  <wall id='wall-69707231-81d4-4bad-986d-21a988197825' level='level-bccb3175-5ca5-431c-b6d3-a0c55325a85f' wallAtStart='wall-70deecb8-b0d5-431b-a326-bdcfac8ef9d3' xStart='535.516' yStart='838.60803' xEnd='535.516' yEnd='685.4933' height='45.0' thickness='14.0' pattern='background' leftSideShininess='0.25' rightSideShininess='0.25'>
    <texture attribute='leftSideTexture' name='木紋-淺色' width='20.0' height='20.0' image='69'/>
    <texture attribute='rightSideTexture' name='木紋-淺色' width='20.0' height='20.0' image='69'/>
  </wall>
  <wall id='wall-9c0b8b41-316b-4cdf-9ba0-781ab00fc947' level='level-bccb3175-5ca5-431c-b6d3-a0c55325a85f' xStart='490.24924' yStart='697.3954' xEnd='490.24924' yEnd='817.3954' height='45.0' thickness='14.0' pattern='background' leftSideShininess='0.25' rightSideShininess='0.25'>
    <texture attribute='leftSideTexture' name='木紋-淺色' width='20.0' height='20.0' image='69'/>
    <texture attribute='rightSideTexture' name='木紋-淺色' width='20.0' height='20.0' image='69'/>
  </wall>
  <wall id='wall-1f7e8829-75ef-45bc-bb34-49dc36a93d16' level='level-bccb3175-5ca5-431c-b6d3-a0c55325a85f' wallAtStart='wall-d98a20ae-d0fe-4658-ad27-6397163f437e' xStart='498.68872' yStart='676.9412' xEnd='498.68872' yEnd='831.071' height='45.0' thickness='14.0' pattern='background' leftSideShininess='0.25' rightSideShininess='0.25'>
    <texture attribute='leftSideTexture' name='木紋-淺色' width='20.0' height='20.0' image='69'/>
    <texture attribute='rightSideTexture' name='木紋-淺色' width='20.0' height='20.0' image='69'/>
  </wall>
  <wall id='wall-b6110050-61b4-403b-82f9-b0791467fb70' level='level-bccb3175-5ca5-431c-b6d3-a0c55325a85f' wallAtEnd='wall-0f4191c1-c1c1-4d8b-abe9-fd2095161051' xStart='504.74924' yStart='676.9412' xEnd='584.9746' yEnd='676.9412' height='45.0' thickness='14.0' pattern='background' leftSideShininess='0.25' rightSideShininess='0.25'>
    <texture attribute='leftSideTexture' name='木紋-淺色' width='20.0' height='20.0' image='69'/>
    <texture attribute='rightSideTexture' name='木紋-淺色' width='20.0' height='20.0' image='69'/>
  </wall>
  <wall id='wall-0f4191c1-c1c1-4d8b-abe9-fd2095161051' level='level-bccb3175-5ca5-431c-b6d3-a0c55325a85f' wallAtStart='wall-b6110050-61b4-403b-82f9-b0791467fb70' wallAtEnd='wall-2dc0566f-40c7-47f9-853f-ac12d4834478' xStart='584.9746' yStart='676.9412' xEnd='584.9746' yEnd='839.3656' height='45.0' thickness='14.0' pattern='background' leftSideShininess='0.25' rightSideShininess='0.25'>
    <texture attribute='leftSideTexture' name='木紋-淺色' width='20.0' height='20.0' image='69'/>
    <texture attribute='rightSideTexture' name='木紋-淺色' width='20.0' height='20.0' image='69'/>
  </wall>
  <wall id='wall-2dc0566f-40c7-47f9-853f-ac12d4834478' level='level-bccb3175-5ca5-431c-b6d3-a0c55325a85f' wallAtStart='wall-0f4191c1-c1c1-4d8b-abe9-fd2095161051' wallAtEnd='wall-218402af-4c2b-46ba-bc94-b7ab86a7b46e' xStart='584.9746' yStart='839.3656' xEnd='568.90356' yEnd='830.087' height='45.0' thickness='14.0' pattern='background' leftSideShininess='0.25' rightSideShininess='0.25'>
    <texture attribute='leftSideTexture' name='木紋-淺色' width='20.0' height='20.0' image='69'/>
    <texture attribute='rightSideTexture' name='木紋-淺色' width='20.0' height='20.0' image='69'/>
  </wall>
  <wall id='wall-218402af-4c2b-46ba-bc94-b7ab86a7b46e' level='level-bccb3175-5ca5-431c-b6d3-a0c55325a85f' wallAtStart='wall-2dc0566f-40c7-47f9-853f-ac12d4834478' wallAtEnd='wall-81f3c17d-6644-453d-aa34-eaf2f3b372d6' xStart='568.90356' yStart='830.087' xEnd='568.90356' yEnd='689.25085' height='45.0' thickness='14.0' pattern='background' leftSideShininess='0.25' rightSideShininess='0.25'>
    <texture attribute='leftSideTexture' name='木紋-淺色' width='20.0' height='20.0' image='69'/>
    <texture attribute='rightSideTexture' name='木紋-淺色' width='20.0' height='20.0' image='69'/>
  </wall>
  <wall id='wall-81f3c17d-6644-453d-aa34-eaf2f3b372d6' level='level-bccb3175-5ca5-431c-b6d3-a0c55325a85f' wallAtStart='wall-218402af-4c2b-46ba-bc94-b7ab86a7b46e' wallAtEnd='wall-ef194856-97b6-4a38-b026-1e8d0916bac1' xStart='568.90356' yStart='689.25085' xEnd='577.7424' yEnd='680.41205' height='45.0' thickness='14.0' pattern='background' leftSideShininess='0.25' rightSideShininess='0.25'>
    <texture attribute='leftSideTexture' name='木紋-淺色' width='20.0' height='20.0' image='69'/>
    <texture attribute='rightSideTexture' name='木紋-淺色' width='20.0' height='20.0' image='69'/>
  </wall>
  <wall id='wall-ef194856-97b6-4a38-b026-1e8d0916bac1' level='level-bccb3175-5ca5-431c-b6d3-a0c55325a85f' wallAtStart='wall-81f3c17d-6644-453d-aa34-eaf2f3b372d6' wallAtEnd='wall-6116f8e6-af32-4ebe-8dcb-ca395618e123' xStart='577.7424' yStart='680.41205' xEnd='577.7424' yEnd='843.26825' height='45.0' thickness='14.0' pattern='background' leftSideShininess='0.25' rightSideShininess='0.25'>
    <texture attribute='leftSideTexture' name='木紋-淺色' width='20.0' height='20.0' image='69'/>
    <texture attribute='rightSideTexture' name='木紋-淺色' width='20.0' height='20.0' image='69'/>
  </wall>
  <wall id='wall-6116f8e6-af32-4ebe-8dcb-ca395618e123' level='level-bccb3175-5ca5-431c-b6d3-a0c55325a85f' wallAtStart='wall-ef194856-97b6-4a38-b026-1e8d0916bac1' wallAtEnd='wall-211f0d55-474e-4d1b-bc53-65cb03e42e3c' xStart='577.7424' yStart='843.26825' xEnd='553.1949' yEnd='829.09576' height='45.0' thickness='14.0' pattern='background' leftSideShininess='0.25' rightSideShininess='0.25'>
    <texture attribute='leftSideTexture' name='木紋-淺色' width='20.0' height='20.0' image='69'/>
    <texture attribute='rightSideTexture' name='木紋-淺色' width='20.0' height='20.0' image='69'/>
  </wall>
  <wall id='wall-211f0d55-474e-4d1b-bc53-65cb03e42e3c' level='level-bccb3175-5ca5-431c-b6d3-a0c55325a85f' wallAtStart='wall-6116f8e6-af32-4ebe-8dcb-ca395618e123' wallAtEnd='wall-b82fb3d9-19d6-4e63-8a8c-370ae86ea7c1' xStart='553.1949' yStart='829.09576' xEnd='553.1949' yEnd='676.9412' height='45.0' thickness='14.0' pattern='background' leftSideShininess='0.25' rightSideShininess='0.25'>
    <texture attribute='leftSideTexture' name='木紋-淺色' width='20.0' height='20.0' image='69'/>
    <texture attribute='rightSideTexture' name='木紋-淺色' width='20.0' height='20.0' image='69'/>
  </wall>
  <wall id='wall-b82fb3d9-19d6-4e63-8a8c-370ae86ea7c1' level='level-bccb3175-5ca5-431c-b6d3-a0c55325a85f' wallAtStart='wall-211f0d55-474e-4d1b-bc53-65cb03e42e3c' wallAtEnd='wall-3548ab54-a1e6-4274-9361-f33b931be7b8' xStart='553.1949' yStart='676.9412' xEnd='504.74924' yEnd='676.9412' height='45.0' thickness='14.0' pattern='background' leftSideShininess='0.25' rightSideShininess='0.25'>
    <texture attribute='leftSideTexture' name='木紋-淺色' width='20.0' height='20.0' image='69'/>
    <texture attribute='rightSideTexture' name='木紋-淺色' width='20.0' height='20.0' image='69'/>
  </wall>
  <wall id='wall-3548ab54-a1e6-4274-9361-f33b931be7b8' level='level-bccb3175-5ca5-431c-b6d3-a0c55325a85f' wallAtStart='wall-b82fb3d9-19d6-4e63-8a8c-370ae86ea7c1' wallAtEnd='wall-3d95abea-2e39-46c5-bc99-988cb9074511' xStart='504.74924' yStart='676.9412' xEnd='504.74924' yEnd='823.49536' height='45.0' thickness='14.0' pattern='background' leftSideShininess='0.25' rightSideShininess='0.25'>
    <texture attribute='leftSideTexture' name='木紋-淺色' width='20.0' height='20.0' image='69'/>
    <texture attribute='rightSideTexture' name='木紋-淺色' width='20.0' height='20.0' image='69'/>
  </wall>
  <wall id='wall-3d95abea-2e39-46c5-bc99-988cb9074511' level='level-bccb3175-5ca5-431c-b6d3-a0c55325a85f' wallAtStart='wall-3548ab54-a1e6-4274-9361-f33b931be7b8' wallAtEnd='wall-7ac86c01-85f9-4f8e-987c-b4dedb4943fa' xStart='504.74924' yStart='823.49536' xEnd='492.58475' yEnd='778.09686' height='45.0' thickness='14.0' pattern='background' leftSideShininess='0.25' rightSideShininess='0.25'>
    <texture attribute='leftSideTexture' name='木紋-淺色' width='20.0' height='20.0' image='69'/>
    <texture attribute='rightSideTexture' name='木紋-淺色' width='20.0' height='20.0' image='69'/>
  </wall>
  <wall id='wall-7ac86c01-85f9-4f8e-987c-b4dedb4943fa' level='level-bccb3175-5ca5-431c-b6d3-a0c55325a85f' wallAtStart='wall-3d95abea-2e39-46c5-bc99-988cb9074511' wallAtEnd='wall-19a924c7-c24a-442e-b14e-b7348fcc7ac4' xStart='492.58475' yStart='778.09686' xEnd='492.58475' yEnd='695.09686' height='45.0' thickness='14.0' pattern='background' leftSideShininess='0.25' rightSideShininess='0.25'>
    <texture attribute='leftSideTexture' name='木紋-淺色' width='20.0' height='20.0' image='69'/>
    <texture attribute='rightSideTexture' name='木紋-淺色' width='20.0' height='20.0' image='69'/>
  </wall>
  <wall id='wall-19a924c7-c24a-442e-b14e-b7348fcc7ac4' level='level-bccb3175-5ca5-431c-b6d3-a0c55325a85f' wallAtStart='wall-7ac86c01-85f9-4f8e-987c-b4dedb4943fa' xStart='492.58475' yStart='695.09686' xEnd='487.75513' yEnd='693.8028' height='45.0' thickness='14.0' pattern='background' leftSideShininess='0.25' rightSideShininess='0.25'>
    <texture attribute='leftSideTexture' name='木紋-淺色' width='20.0' height='20.0' image='69'/>
    <texture attribute='rightSideTexture' name='木紋-淺色' width='20.0' height='20.0' image='69'/>
  </wall>
  <wall id='wall-9f8716d9-e9c6-4fe4-9387-d60e0391fc20' level='level-bccb3175-5ca5-431c-b6d3-a0c55325a85f' wallAtStart='wall-e0fd0bff-2b27-4800-9e05-80ae8347250a' wallAtEnd='wall-1e2fe573-f10e-48b9-91a7-a438c3b02630' xStart='778.7183' yStart='130.41644' xEnd='757.7183' yEnd='130.41644' height='250.0' thickness='14.0' pattern='hatchUp' leftSideColor='FFC9C1B6' leftSideShininess='0.25'/>
  <wall id='wall-1e2fe573-f10e-48b9-91a7-a438c3b02630' level='level-bccb3175-5ca5-431c-b6d3-a0c55325a85f' wallAtStart='wall-9f8716d9-e9c6-4fe4-9387-d60e0391fc20' wallAtEnd='wall-18669af3-7c33-41f1-b6e0-0bbb1b69f794' xStart='757.7183' yStart='130.41644' xEnd='701.1498' yEnd='73.8479' height='250.0' thickness='14.0' pattern='hatchUp' leftSideColor='FFC9C1B6'/>
  <wall id='wall-18669af3-7c33-41f1-b6e0-0bbb1b69f794' level='level-bccb3175-5ca5-431c-b6d3-a0c55325a85f' wallAtStart='wall-1e2fe573-f10e-48b9-91a7-a438c3b02630' wallAtEnd='wall-79b0e1ca-cb03-4f52-9288-f58f20159608' xStart='701.1498' yStart='73.8479' xEnd='562.2503' yEnd='73.847885' height='250.0' thickness='14.0' pattern='hatchUp' leftSideColor='FFC9C1B6'/>
  <wall id='wall-79b0e1ca-cb03-4f52-9288-f58f20159608' level='level-bccb3175-5ca5-431c-b6d3-a0c55325a85f' wallAtStart='wall-18669af3-7c33-41f1-b6e0-0bbb1b69f794' xStart='562.2503' yStart='73.847885' xEnd='501.43912' yEnd='134.6591' height='250.0' thickness='14.0' pattern='hatchUp' leftSideColor='FFC9C1B6' leftSideShininess='0.25' rightSideShininess='0.25'/>
  <wall id='wall-e1562056-c333-4d32-a7b9-e08339e53db6' level='level-bccb3175-5ca5-431c-b6d3-a0c55325a85f' wallAtStart='wall-ccca292f-4f18-453b-b96c-8185380fc241' xStart='787.2035' yStart='130.41644' xEnd='744.2035' yEnd='130.41644' height='250.0' thickness='14.0' pattern='hatchUp' leftSideColor='FFC9C1B6' leftSideShininess='0.25'/>
  <wall id='wall-2350471b-1fce-463b-9102-067e130443f8' level='level-bccb3175-5ca5-431c-b6d3-a0c55325a85f' wallAtEnd='wall-d9811e3b-4fb3-483c-b694-be7be7e4b15d' xStart='787.2035' yStart='130.41644' xEnd='1068.4026' yEnd='130.41644' height='250.0' thickness='14.0' pattern='hatchUp'/>
  <wall id='wall-d9811e3b-4fb3-483c-b694-be7be7e4b15d' level='level-bccb3175-5ca5-431c-b6d3-a0c55325a85f' wallAtStart='wall-2350471b-1fce-463b-9102-067e130443f8' xStart='1068.4026' yStart='130.41644' xEnd='1189.9036' yEnd='130.41644' height='130.0' thickness='14.0' pattern='hatchUp'/>
  <room id='room-9db034f3-51d7-4988-9930-6993a47b7a5a' level='level-bccb3175-5ca5-431c-b6d3-a0c55325a85f' areaVisible='true' floorShininess='0.25' ceilingVisible='false'>
    <texture attribute='floorTexture' name='托倫石紋磚' width='60.0' height='60.0' image='91'/>
    <point x='979.2279' y='599.0348'/>
    <point x='1182.9036' y='599.0348'/>
    <point x='1182.9036' y='752.28595'/>
    <point x='979.2279' y='752.28595'/>
  </room>
  <room id='room-e238e07c-6525-465e-8b15-791ecb8d454a' level='level-bccb3175-5ca5-431c-b6d3-a0c55325a85f' areaVisible='true' ceilingFlat='true'>
    <texture attribute='floorTexture' name='地板-義大利山地白橡' width='211.73248' height='129.0' image='92'/>
    <point x='771.7183' y='571.343'/>
    <point x='511.97464' y='571.343'/>
    <point x='511.9746' y='219.37575'/>
    <point x='585.9746' y='219.37576'/>
    <point x='599.9746' y='220.41644'/>
    <point x='599.9746' y='123.41644'/>
    <point x='522.5813' y='123.41644'/>
    <point x='565.14984' y='80.847916'/>
    <point x='698.25024' y='80.847916'/>
    <point x='747.1117' y='129.70935'/>
    <point x='747.1117' y='137.41644'/>
    <point x='771.7183' y='137.41644'/>
  </room>
  <room id='room-d9fdd459-0867-4a88-92f3-d5cf8bf40b71' level='level-bccb3175-5ca5-431c-b6d3-a0c55325a85f' areaVisible='true' ceilingFlat='true'>
    <texture attribute='floorTexture' name='地板-義大利山地白橡' width='260.0' height='158.40742' image='92'/>
    <point x='794.2035' y='137.41644'/>
    <point x='1000.2035' y='137.41644'/>
    <point x='1000.2035' y='488.9937'/>
    <point x='794.2035' y='488.9937'/>
  </room>
</home>